timestamp (seconds since 01/01/1970), system, entity , utc_time (s), reason (enumerated)
1756381045.016519, lauv-fridtjof, 49, 41842.000000, INVALID
1756381046.017260, lauv-fridtjof, 49, 41843.000000, INVALID
1756381047.029426, lauv-fridtjof, 49, 41844.000000, INVALID
1756381048.004860, lauv-fridtjof, 49, 41845.000000, INVALID
1756381048.996692, lauv-fridtjof, 49, 41846.000000, INVALID
1756381050.005055, lauv-fridtjof, 49, 41847.000000, INVALID
1756381051.005496, lauv-fridtjof, 49, 41848.000000, INVALID
1756381052.003153, lauv-fridtjof, 49, 41849.000000, INVALID
1756381053.011300, lauv-fridtjof, 49, 41850.000000, INVALID
1756381054.002527, lauv-fridtjof, 49, 41851.000000, INVALID
1756381054.997800, lauv-fridtjof, 49, 41852.000000, INVALID
1756381056.003801, lauv-fridtjof, 49, 41853.000000, INVALID
1756381056.995881, lauv-fridtjof, 49, 41854.000000, INVALID
1756381057.999968, lauv-fridtjof, 49, 41855.000000, INVALID
1756381058.997101, lauv-fridtjof, 49, 41856.000000, INVALID
1756381059.998487, lauv-fridtjof, 49, 41857.000000, INVALID
1756381060.997072, lauv-fridtjof, 49, 41858.000000, INVALID
1756381061.998509, lauv-fridtjof, 49, 41859.000000, INVALID
1756381062.997885, lauv-fridtjof, 49, 41860.000000, INVALID
1756381064.002909, lauv-fridtjof, 49, 41861.000000, INVALID
1756381064.995282, lauv-fridtjof, 49, 41862.000000, INVALID
1756381065.996149, lauv-fridtjof, 49, 41863.000000, INVALID
1756381066.999318, lauv-fridtjof, 49, 41864.000000, INVALID
1756381068.002423, lauv-fridtjof, 49, 41865.000000, INVALID
1756381068.998094, lauv-fridtjof, 49, 41866.000000, INVALID
1756381069.996763, lauv-fridtjof, 49, 41867.000000, INVALID
1756381070.993901, lauv-fridtjof, 49, 41868.000000, INVALID
1756381072.001027, lauv-fridtjof, 49, 41869.000000, INVALID
1756381073.006414, lauv-fridtjof, 49, 41870.000000, INVALID
1756381073.998314, lauv-fridtjof, 49, 41871.000000, INVALID
1756381074.996495, lauv-fridtjof, 49, 41872.000000, INVALID
1756381076.003786, lauv-fridtjof, 49, 41873.000000, INVALID
1756381077.003710, lauv-fridtjof, 49, 41874.000000, INVALID
1756381078.006154, lauv-fridtjof, 49, 41875.000000, INVALID
1756381079.004021, lauv-fridtjof, 49, 41876.000000, INVALID
1756381080.009333, lauv-fridtjof, 49, 41877.000000, INVALID
1756381081.008626, lauv-fridtjof, 49, 41878.000000, INVALID
1756381082.005478, lauv-fridtjof, 49, 41879.000000, INVALID
1756381083.010729, lauv-fridtjof, 49, 41880.000000, INVALID
1756381084.009928, lauv-fridtjof, 49, 41881.000000, INVALID
1756381085.000962, lauv-fridtjof, 49, 41882.000000, INVALID
1756381086.001146, lauv-fridtjof, 49, 41883.000000, INVALID
1756381087.001240, lauv-fridtjof, 49, 41884.000000, INVALID
1756381088.003392, lauv-fridtjof, 49, 41885.000000, INVALID
1756381089.005525, lauv-fridtjof, 49, 41886.000000, INVALID
1756381090.024787, lauv-fridtjof, 49, 41887.000000, INVALID
1756381091.027160, lauv-fridtjof, 49, 41888.000000, INVALID
1756381092.017081, lauv-fridtjof, 49, 41889.000000, INVALID
1756381093.018294, lauv-fridtjof, 49, 41890.000000, INVALID
1756381094.111425, lauv-fridtjof, 49, 41891.000000, ABOVE_THRESHOLD
1756381095.052573, lauv-fridtjof, 49, 41892.000000, ABOVE_MAX_HACC
1756381096.057947, lauv-fridtjof, 49, 41893.000000, ABOVE_MAX_HACC
1756381097.055897, lauv-fridtjof, 49, 41894.000000, ABOVE_MAX_HACC
1756381256.020301, lauv-fridtjof, 49, 42053.000000, INVALID
1756381257.008322, lauv-fridtjof, 49, 42054.000000, INVALID
1756381258.001392, lauv-fridtjof, 49, 42055.000000, INVALID
1756381259.008710, lauv-fridtjof, 49, 42056.000000, INVALID
1756381260.013814, lauv-fridtjof, 49, 42057.000000, INVALID
1756381261.015084, lauv-fridtjof, 49, 42058.000000, INVALID
1756381262.017558, lauv-fridtjof, 49, 42059.000000, INVALID
1756381263.014254, lauv-fridtjof, 49, 42060.000000, INVALID
1756381264.000636, lauv-fridtjof, 49, 42061.000000, INVALID
1756381264.999363, lauv-fridtjof, 49, 42062.000000, INVALID
1756381266.004526, lauv-fridtjof, 49, 42063.000000, INVALID
1756381266.994810, lauv-fridtjof, 49, 42064.000000, INVALID
1756381267.999861, lauv-fridtjof, 49, 42065.000000, INVALID
1756381269.007793, lauv-fridtjof, 49, 42066.000000, INVALID
1756381270.004138, lauv-fridtjof, 49, 42067.000000, INVALID
1756381270.998319, lauv-fridtjof, 49, 42068.000000, INVALID
1756381272.009442, lauv-fridtjof, 49, 42069.000000, INVALID
1756381272.999800, lauv-fridtjof, 49, 42070.000000, INVALID
1756381273.997169, lauv-fridtjof, 49, 42071.000000, INVALID
1756381274.995965, lauv-fridtjof, 49, 42072.000000, INVALID
1756381275.998059, lauv-fridtjof, 49, 42073.000000, INVALID
1756381276.997311, lauv-fridtjof, 49, 42074.000000, INVALID
1756381278.004366, lauv-fridtjof, 49, 42075.000000, INVALID
1756381278.998477, lauv-fridtjof, 49, 42076.000000, INVALID
1756381279.998642, lauv-fridtjof, 49, 42077.000000, INVALID
1756381280.999725, lauv-fridtjof, 49, 42078.000000, INVALID
1756381282.004874, lauv-fridtjof, 49, 42079.000000, INVALID
1756381282.999027, lauv-fridtjof, 49, 42080.000000, INVALID
1756381284.003798, lauv-fridtjof, 49, 42081.000000, INVALID
1756381284.996070, lauv-fridtjof, 49, 42082.000000, INVALID
1756381285.999469, lauv-fridtjof, 49, 42083.000000, INVALID
1756381286.999645, lauv-fridtjof, 49, 42084.000000, INVALID
1756381287.998803, lauv-fridtjof, 49, 42085.000000, INVALID
1756381288.995946, lauv-fridtjof, 49, 42086.000000, INVALID
1756381290.001371, lauv-fridtjof, 49, 42087.000000, INVALID
1756381291.004297, lauv-fridtjof, 49, 42088.000000, INVALID
1756381292.000507, lauv-fridtjof, 49, 42089.000000, INVALID
1756381293.007576, lauv-fridtjof, 49, 42090.000000, INVALID
1756381294.003797, lauv-fridtjof, 49, 42091.000000, INVALID
1756381294.999381, lauv-fridtjof, 49, 42092.000000, INVALID
1756381295.999718, lauv-fridtjof, 49, 42093.000000, INVALID
1756381297.000141, lauv-fridtjof, 49, 42094.000000, INVALID
1756381298.001260, lauv-fridtjof, 49, 42095.000000, INVALID
1756381298.998465, lauv-fridtjof, 49, 42096.000000, INVALID
1756381300.003516, lauv-fridtjof, 49, 42097.000000, INVALID
1756381301.002752, lauv-fridtjof, 49, 42098.000000, INVALID
1756381302.003983, lauv-fridtjof, 49, 42099.000000, INVALID
1756381303.003102, lauv-fridtjof, 49, 42100.000000, INVALID
1756381304.007299, lauv-fridtjof, 49, 42101.000000, INVALID
1756381305.003318, lauv-fridtjof, 49, 42102.000000, INVALID
1756381306.005526, lauv-fridtjof, 49, 42103.000000, INVALID
1756381306.999736, lauv-fridtjof, 49, 42104.000000, INVALID
1756381308.003546, lauv-fridtjof, 49, 42105.000000, INVALID
1756381309.003845, lauv-fridtjof, 49, 42106.000000, INVALID
1756381310.005533, lauv-fridtjof, 49, 42107.000000, INVALID
1756381311.006156, lauv-fridtjof, 49, 42108.000000, INVALID
1756381312.006298, lauv-fridtjof, 49, 42109.000000, INVALID
1756381313.008706, lauv-fridtjof, 49, 42110.000000, INVALID
1756381314.007787, lauv-fridtjof, 49, 42111.000000, INVALID
1756381315.003813, lauv-fridtjof, 49, 42112.000000, INVALID
1756381316.008862, lauv-fridtjof, 49, 42113.000000, INVALID
1756381317.006098, lauv-fridtjof, 49, 42114.000000, INVALID
1756381318.000703, lauv-fridtjof, 49, 42115.000000, INVALID
1756381318.998320, lauv-fridtjof, 49, 42116.000000, INVALID
1756381320.004510, lauv-fridtjof, 49, 42117.000000, INVALID
1756381320.996895, lauv-fridtjof, 49, 42118.000000, INVALID
1756381322.003776, lauv-fridtjof, 49, 42119.000000, INVALID
1756381322.997997, lauv-fridtjof, 49, 42120.000000, INVALID
1756381324.006165, lauv-fridtjof, 49, 42121.000000, INVALID
1756381325.002240, lauv-fridtjof, 49, 42122.000000, INVALID
1756381325.999366, lauv-fridtjof, 49, 42123.000000, INVALID
1756381326.994612, lauv-fridtjof, 49, 42124.000000, INVALID
1756381327.995740, lauv-fridtjof, 49, 42125.000000, INVALID
1756381328.995866, lauv-fridtjof, 49, 42126.000000, INVALID
1756381330.001969, lauv-fridtjof, 49, 42127.000000, INVALID
1756381330.996149, lauv-fridtjof, 49, 42128.000000, INVALID
1756381332.004293, lauv-fridtjof, 49, 42129.000000, INVALID
1756381332.998391, lauv-fridtjof, 49, 42130.000000, INVALID
1756381333.997602, lauv-fridtjof, 49, 42131.000000, INVALID
1756381334.996533, lauv-fridtjof, 49, 42132.000000, INVALID
1756381335.993903, lauv-fridtjof, 49, 42133.000000, INVALID
1756381336.993018, lauv-fridtjof, 49, 42134.000000, INVALID
1756381337.995277, lauv-fridtjof, 49, 42135.000000, INVALID
1756381338.995416, lauv-fridtjof, 49, 42136.000000, INVALID
1756381340.000454, lauv-fridtjof, 49, 42137.000000, INVALID
1756381340.996942, lauv-fridtjof, 49, 42138.000000, INVALID
1756381341.998697, lauv-fridtjof, 49, 42139.000000, INVALID
1756381342.997123, lauv-fridtjof, 49, 42140.000000, INVALID
1756381343.993116, lauv-fridtjof, 49, 42141.000000, INVALID
1756381344.996246, lauv-fridtjof, 49, 42142.000000, INVALID
1756381345.997358, lauv-fridtjof, 49, 42143.000000, INVALID
1756381346.995536, lauv-fridtjof, 49, 42144.000000, INVALID
1756381347.994741, lauv-fridtjof, 49, 42145.000000, INVALID
1756381348.992502, lauv-fridtjof, 49, 42146.000000, INVALID
1756381349.996035, lauv-fridtjof, 49, 42147.000000, INVALID
1756381350.996074, lauv-fridtjof, 49, 42148.000000, INVALID
1756381351.993548, lauv-fridtjof, 49, 42149.000000, INVALID
1756381353.001510, lauv-fridtjof, 49, 42150.000000, INVALID
1756381354.002688, lauv-fridtjof, 49, 42151.000000, INVALID
1756381355.003645, lauv-fridtjof, 49, 42152.000000, INVALID
1756381355.995824, lauv-fridtjof, 49, 42153.000000, INVALID
1756381356.994972, lauv-fridtjof, 49, 42154.000000, INVALID
1756381357.995148, lauv-fridtjof, 49, 42155.000000, INVALID
1756381358.994327, lauv-fridtjof, 49, 42156.000000, INVALID
1756381359.993492, lauv-fridtjof, 49, 42157.000000, INVALID
1756381360.994948, lauv-fridtjof, 49, 42158.000000, INVALID
1756381361.999645, lauv-fridtjof, 49, 42159.000000, INVALID
1756381362.993988, lauv-fridtjof, 49, 42160.000000, INVALID
1756381363.997983, lauv-fridtjof, 49, 42161.000000, INVALID
1756381364.997325, lauv-fridtjof, 49, 42162.000000, INVALID
1756381365.999346, lauv-fridtjof, 49, 42163.000000, INVALID
1756381366.996665, lauv-fridtjof, 49, 42164.000000, INVALID
1756381367.996629, lauv-fridtjof, 49, 42165.000000, INVALID
1756381368.994847, lauv-fridtjof, 49, 42166.000000, INVALID
1756381369.995950, lauv-fridtjof, 49, 42167.000000, INVALID
1756381371.000220, lauv-fridtjof, 49, 42168.000000, INVALID
1756381371.996146, lauv-fridtjof, 49, 42169.000000, INVALID
1756381372.997348, lauv-fridtjof, 49, 42170.000000, INVALID
1756381373.997544, lauv-fridtjof, 49, 42171.000000, INVALID
1756381374.996634, lauv-fridtjof, 49, 42172.000000, INVALID
1756381376.004853, lauv-fridtjof, 49, 42173.000000, INVALID
1756381377.002023, lauv-fridtjof, 49, 42174.000000, INVALID
1756381378.002995, lauv-fridtjof, 49, 42175.000000, INVALID
1756381378.997366, lauv-fridtjof, 49, 42176.000000, INVALID
1756381380.004306, lauv-fridtjof, 49, 42177.000000, INVALID
1756381380.996812, lauv-fridtjof, 49, 42178.000000, INVALID
1756381382.004640, lauv-fridtjof, 49, 42179.000000, INVALID
1756381382.997807, lauv-fridtjof, 49, 42180.000000, INVALID
1756381383.998236, lauv-fridtjof, 49, 42181.000000, INVALID
1756381384.999029, lauv-fridtjof, 49, 42182.000000, INVALID
1756381386.004280, lauv-fridtjof, 49, 42183.000000, INVALID
1756381386.997412, lauv-fridtjof, 49, 42184.000000, INVALID
1756381388.003500, lauv-fridtjof, 49, 42185.000000, INVALID
1756381388.994759, lauv-fridtjof, 49, 42186.000000, INVALID
1756381389.999377, lauv-fridtjof, 49, 42187.000000, INVALID
1756381391.001944, lauv-fridtjof, 49, 42188.000000, INVALID
1756381391.997131, lauv-fridtjof, 49, 42189.000000, INVALID
1756381392.996557, lauv-fridtjof, 49, 42190.000000, INVALID
1756381393.996714, lauv-fridtjof, 49, 42191.000000, INVALID
1756381394.997568, lauv-fridtjof, 49, 42192.000000, INVALID
1756381395.999670, lauv-fridtjof, 49, 42193.000000, INVALID
1756381396.995847, lauv-fridtjof, 49, 42194.000000, INVALID
1756381397.996964, lauv-fridtjof, 49, 42195.000000, INVALID
1756381398.994376, lauv-fridtjof, 49, 42196.000000, INVALID
1756381399.996578, lauv-fridtjof, 49, 42197.000000, INVALID
1756381400.994511, lauv-fridtjof, 49, 42198.000000, INVALID
1756381401.999543, lauv-fridtjof, 49, 42199.000000, INVALID
1756381402.994740, lauv-fridtjof, 49, 42200.000000, INVALID
1756381403.995868, lauv-fridtjof, 49, 42201.000000, INVALID
1756381404.995023, lauv-fridtjof, 49, 42202.000000, INVALID
1756381406.000217, lauv-fridtjof, 49, 42203.000000, INVALID
1756381406.996544, lauv-fridtjof, 49, 42204.000000, INVALID
1756381407.997470, lauv-fridtjof, 49, 42205.000000, INVALID
1756381408.995641, lauv-fridtjof, 49, 42206.000000, INVALID
1756381409.996798, lauv-fridtjof, 49, 42207.000000, INVALID
1756381410.996876, lauv-fridtjof, 49, 42208.000000, INVALID
1756381411.996063, lauv-fridtjof, 49, 42209.000000, INVALID
1756381413.006231, lauv-fridtjof, 49, 42210.000000, INVALID
1756381414.002403, lauv-fridtjof, 49, 42211.000000, INVALID
1756381414.996750, lauv-fridtjof, 49, 42212.000000, INVALID
1756381415.995654, lauv-fridtjof, 49, 42213.000000, INVALID
1756381416.994980, lauv-fridtjof, 49, 42214.000000, INVALID
1756381417.996911, lauv-fridtjof, 49, 42215.000000, INVALID
1756381419.003090, lauv-fridtjof, 49, 42216.000000, INVALID
1756381420.002237, lauv-fridtjof, 49, 42217.000000, INVALID
1756381420.995404, lauv-fridtjof, 49, 42218.000000, INVALID
1756381421.997671, lauv-fridtjof, 49, 42219.000000, INVALID
1756381422.994763, lauv-fridtjof, 49, 42220.000000, INVALID
1756381423.998822, lauv-fridtjof, 49, 42221.000000, INVALID
1756381425.000870, lauv-fridtjof, 49, 42222.000000, INVALID
1756381426.002132, lauv-fridtjof, 49, 42223.000000, INVALID
1756381426.998324, lauv-fridtjof, 49, 42224.000000, INVALID
1756381427.999329, lauv-fridtjof, 49, 42225.000000, INVALID
1756381429.003497, lauv-fridtjof, 49, 42226.000000, INVALID
1756381429.998744, lauv-fridtjof, 49, 42227.000000, INVALID
1756381430.997856, lauv-fridtjof, 49, 42228.000000, INVALID
1756381431.996089, lauv-fridtjof, 49, 42229.000000, INVALID
1756381432.994594, lauv-fridtjof, 49, 42230.000000, INVALID
1756381434.002310, lauv-fridtjof, 49, 42231.000000, INVALID
1756381435.002429, lauv-fridtjof, 49, 42232.000000, INVALID
1756381436.003655, lauv-fridtjof, 49, 42233.000000, INVALID
1756381436.997772, lauv-fridtjof, 49, 42234.000000, INVALID
1756381437.998291, lauv-fridtjof, 49, 42235.000000, INVALID
1756381439.003981, lauv-fridtjof, 49, 42236.000000, INVALID
1756381440.000601, lauv-fridtjof, 49, 42237.000000, INVALID
1756381440.998441, lauv-fridtjof, 49, 42238.000000, INVALID
1756381441.998819, lauv-fridtjof, 49, 42239.000000, INVALID
1756381443.005743, lauv-fridtjof, 49, 42240.000000, INVALID
1756381444.004783, lauv-fridtjof, 49, 42241.000000, INVALID
1756381444.995976, lauv-fridtjof, 49, 42242.000000, INVALID
1756381446.002047, lauv-fridtjof, 49, 42243.000000, INVALID
1756381446.997291, lauv-fridtjof, 49, 42244.000000, INVALID
1756381448.003308, lauv-fridtjof, 49, 42245.000000, INVALID
1756381449.001482, lauv-fridtjof, 49, 42246.000000, INVALID
1756381449.999678, lauv-fridtjof, 49, 42247.000000, INVALID
1756381450.998629, lauv-fridtjof, 49, 42248.000000, INVALID
1756381452.000974, lauv-fridtjof, 49, 42249.000000, INVALID
1756381452.998130, lauv-fridtjof, 49, 42250.000000, INVALID
1756381453.997295, lauv-fridtjof, 49, 42251.000000, INVALID
1756381454.995466, lauv-fridtjof, 49, 42252.000000, INVALID
1756381456.007477, lauv-fridtjof, 49, 42253.000000, INVALID
1756381457.004656, lauv-fridtjof, 49, 42254.000000, INVALID
1756381458.004821, lauv-fridtjof, 49, 42255.000000, INVALID
1756381458.998028, lauv-fridtjof, 49, 42256.000000, INVALID
1756381460.000338, lauv-fridtjof, 49, 42257.000000, INVALID
1756381461.001323, lauv-fridtjof, 49, 42258.000000, INVALID
1756381462.010414, lauv-fridtjof, 49, 42259.000000, INVALID
1756381462.997710, lauv-fridtjof, 49, 42260.000000, INVALID
1756381463.998717, lauv-fridtjof, 49, 42261.000000, INVALID
1756381464.998930, lauv-fridtjof, 49, 42262.000000, INVALID
1756381466.002034, lauv-fridtjof, 49, 42263.000000, INVALID
1756381467.005113, lauv-fridtjof, 49, 42264.000000, INVALID
1756381467.997414, lauv-fridtjof, 49, 42265.000000, INVALID
1756381468.995505, lauv-fridtjof, 49, 42266.000000, INVALID
1756381470.000644, lauv-fridtjof, 49, 42267.000000, INVALID
1756381471.000563, lauv-fridtjof, 49, 42268.000000, INVALID
1756381472.001909, lauv-fridtjof, 49, 42269.000000, INVALID
1756381473.006071, lauv-fridtjof, 49, 42270.000000, INVALID
1756381474.003179, lauv-fridtjof, 49, 42271.000000, INVALID
1756381475.003363, lauv-fridtjof, 49, 42272.000000, INVALID
1756381475.996553, lauv-fridtjof, 49, 42273.000000, INVALID
1756381476.994699, lauv-fridtjof, 49, 42274.000000, INVALID
1756381477.997976, lauv-fridtjof, 49, 42275.000000, INVALID
1756381478.995235, lauv-fridtjof, 49, 42276.000000, INVALID
1756381480.002473, lauv-fridtjof, 49, 42277.000000, INVALID
1756381480.999568, lauv-fridtjof, 49, 42278.000000, INVALID
1756381482.001392, lauv-fridtjof, 49, 42279.000000, INVALID
1756381482.996339, lauv-fridtjof, 49, 42280.000000, INVALID
1756381483.998688, lauv-fridtjof, 49, 42281.000000, INVALID
1756381484.996529, lauv-fridtjof, 49, 42282.000000, INVALID
1756381485.997026, lauv-fridtjof, 49, 42283.000000, INVALID
1756381486.996910, lauv-fridtjof, 49, 42284.000000, INVALID
1756381487.997421, lauv-fridtjof, 49, 42285.000000, INVALID
1756381488.995499, lauv-fridtjof, 49, 42286.000000, INVALID
1756381489.999565, lauv-fridtjof, 49, 42287.000000, INVALID
1756381491.003791, lauv-fridtjof, 49, 42288.000000, INVALID
1756381491.998903, lauv-fridtjof, 49, 42289.000000, INVALID
1756381492.999027, lauv-fridtjof, 49, 42290.000000, INVALID
1756381494.002230, lauv-fridtjof, 49, 42291.000000, INVALID
1756381494.997321, lauv-fridtjof, 49, 42292.000000, INVALID
1756381496.002495, lauv-fridtjof, 49, 42293.000000, INVALID
1756381496.999246, lauv-fridtjof, 49, 42294.000000, INVALID
1756381498.007050, lauv-fridtjof, 49, 42295.000000, INVALID
1756381499.004901, lauv-fridtjof, 49, 42296.000000, INVALID
1756381500.004010, lauv-fridtjof, 49, 42297.000000, INVALID
1756381501.001291, lauv-fridtjof, 49, 42298.000000, INVALID
1756381502.006402, lauv-fridtjof, 49, 42299.000000, INVALID
1756381503.010819, lauv-fridtjof, 49, 42300.000000, INVALID
1756381504.008703, lauv-fridtjof, 49, 42301.000000, INVALID
1756381504.997894, lauv-fridtjof, 49, 42302.000000, INVALID
1756381506.006973, lauv-fridtjof, 49, 42303.000000, INVALID
1756381507.005089, lauv-fridtjof, 49, 42304.000000, INVALID
1756381508.002469, lauv-fridtjof, 49, 42305.000000, INVALID
1756381509.001528, lauv-fridtjof, 49, 42306.000000, INVALID
1756381510.001630, lauv-fridtjof, 49, 42307.000000, INVALID
1756381510.995653, lauv-fridtjof, 49, 42308.000000, INVALID
1756381512.003837, lauv-fridtjof, 49, 42309.000000, INVALID
1756381512.998016, lauv-fridtjof, 49, 42310.000000, INVALID
1756381514.004732, lauv-fridtjof, 49, 42311.000000, INVALID
1756381515.008327, lauv-fridtjof, 49, 42312.000000, INVALID
1756381516.000709, lauv-fridtjof, 49, 42313.000000, INVALID
1756381516.999774, lauv-fridtjof, 49, 42314.000000, INVALID
1756381518.003876, lauv-fridtjof, 49, 42315.000000, INVALID
1756381518.998863, lauv-fridtjof, 49, 42316.000000, INVALID
1756381520.001044, lauv-fridtjof, 49, 42317.000000, INVALID
1756381520.996279, lauv-fridtjof, 49, 42318.000000, INVALID
1756381522.009405, lauv-fridtjof, 49, 42319.000000, INVALID
1756381522.999629, lauv-fridtjof, 49, 42320.000000, INVALID
1756381524.006930, lauv-fridtjof, 49, 42321.000000, INVALID
1756381525.004738, lauv-fridtjof, 49, 42322.000000, INVALID
1756381526.005938, lauv-fridtjof, 49, 42323.000000, INVALID
1756381527.004112, lauv-fridtjof, 49, 42324.000000, INVALID
1756381528.004175, lauv-fridtjof, 49, 42325.000000, INVALID
1756381529.004311, lauv-fridtjof, 49, 42326.000000, INVALID
1756381530.002476, lauv-fridtjof, 49, 42327.000000, INVALID
1756381531.000847, lauv-fridtjof, 49, 42328.000000, INVALID
1756381532.007005, lauv-fridtjof, 49, 42329.000000, INVALID
1756381533.013351, lauv-fridtjof, 49, 42330.000000, INVALID
1756381534.006641, lauv-fridtjof, 49, 42331.000000, INVALID
1756381535.005226, lauv-fridtjof, 49, 42332.000000, INVALID
1756381536.005444, lauv-fridtjof, 49, 42333.000000, INVALID
1756381537.005562, lauv-fridtjof, 49, 42334.000000, INVALID
1756381537.999558, lauv-fridtjof, 49, 42335.000000, INVALID
1756381538.998730, lauv-fridtjof, 49, 42336.000000, INVALID
1756381540.001023, lauv-fridtjof, 49, 42337.000000, INVALID
1756381541.002011, lauv-fridtjof, 49, 42338.000000, INVALID
1756381541.999261, lauv-fridtjof, 49, 42339.000000, INVALID
1756381542.993411, lauv-fridtjof, 49, 42340.000000, INVALID
1756381543.999443, lauv-fridtjof, 49, 42341.000000, INVALID
1756381545.000679, lauv-fridtjof, 49, 42342.000000, INVALID
1756381546.003956, lauv-fridtjof, 49, 42343.000000, INVALID
1756381546.997035, lauv-fridtjof, 49, 42344.000000, INVALID
1756381548.005157, lauv-fridtjof, 49, 42345.000000, INVALID
1756381548.997159, lauv-fridtjof, 49, 42346.000000, INVALID
1756381549.999502, lauv-fridtjof, 49, 42347.000000, INVALID
1756381550.997632, lauv-fridtjof, 49, 42348.000000, INVALID
1756381552.000761, lauv-fridtjof, 49, 42349.000000, INVALID
1756381552.998749, lauv-fridtjof, 49, 42350.000000, INVALID
1756381554.001641, lauv-fridtjof, 49, 42351.000000, INVALID
1756381554.999151, lauv-fridtjof, 49, 42352.000000, INVALID
1756381556.005288, lauv-fridtjof, 49, 42353.000000, INVALID
1756381557.010533, lauv-fridtjof, 49, 42354.000000, INVALID
1756381557.999520, lauv-fridtjof, 49, 42355.000000, INVALID
1756381558.993726, lauv-fridtjof, 49, 42356.000000, INVALID
1756381560.005085, lauv-fridtjof, 49, 42357.000000, INVALID
1756381560.996995, lauv-fridtjof, 49, 42358.000000, INVALID
1756381561.998152, lauv-fridtjof, 49, 42359.000000, INVALID
1756381562.999268, lauv-fridtjof, 49, 42360.000000, INVALID
1756381563.997377, lauv-fridtjof, 49, 42361.000000, INVALID
1756381565.003588, lauv-fridtjof, 49, 42362.000000, INVALID
1756381566.004741, lauv-fridtjof, 49, 42363.000000, INVALID
1756381566.998863, lauv-fridtjof, 49, 42364.000000, INVALID
1756381568.001002, lauv-fridtjof, 49, 42365.000000, INVALID
1756381569.002134, lauv-fridtjof, 49, 42366.000000, INVALID
1756381570.000412, lauv-fridtjof, 49, 42367.000000, INVALID
1756381570.997470, lauv-fridtjof, 49, 42368.000000, INVALID
1756381572.004611, lauv-fridtjof, 49, 42369.000000, INVALID
1756381572.997776, lauv-fridtjof, 49, 42370.000000, INVALID
1756381573.998878, lauv-fridtjof, 49, 42371.000000, INVALID
1756381574.997023, lauv-fridtjof, 49, 42372.000000, INVALID
1756381576.000249, lauv-fridtjof, 49, 42373.000000, INVALID
1756381577.004330, lauv-fridtjof, 49, 42374.000000, INVALID
1756381578.008474, lauv-fridtjof, 49, 42375.000000, INVALID
1756381578.997524, lauv-fridtjof, 49, 42376.000000, INVALID
1756381579.999737, lauv-fridtjof, 49, 42377.000000, INVALID
1756381581.004922, lauv-fridtjof, 49, 42378.000000, INVALID
1756381582.004032, lauv-fridtjof, 49, 42379.000000, INVALID
1756381582.997349, lauv-fridtjof, 49, 42380.000000, INVALID
1756381584.002317, lauv-fridtjof, 49, 42381.000000, INVALID
1756381585.005481, lauv-fridtjof, 49, 42382.000000, INVALID
1756381586.004667, lauv-fridtjof, 49, 42383.000000, INVALID
1756381587.001821, lauv-fridtjof, 49, 42384.000000, INVALID
1756381588.006966, lauv-fridtjof, 49, 42385.000000, INVALID
1756381589.000136, lauv-fridtjof, 49, 42386.000000, INVALID
1756381590.010899, lauv-fridtjof, 49, 42387.000000, INVALID
1756381591.003401, lauv-fridtjof, 49, 42388.000000, INVALID
1756381591.998610, lauv-fridtjof, 49, 42389.000000, INVALID
1756381593.006813, lauv-fridtjof, 49, 42390.000000, INVALID
1756381594.006984, lauv-fridtjof, 49, 42391.000000, INVALID
1756381595.004002, lauv-fridtjof, 49, 42392.000000, INVALID
1756381596.003155, lauv-fridtjof, 49, 42393.000000, INVALID
1756381596.997276, lauv-fridtjof, 49, 42394.000000, INVALID
1756381598.007385, lauv-fridtjof, 49, 42395.000000, INVALID
1756381599.006623, lauv-fridtjof, 49, 42396.000000, INVALID
1756381600.006783, lauv-fridtjof, 49, 42397.000000, INVALID
1756381600.999876, lauv-fridtjof, 49, 42398.000000, INVALID
1756381602.000173, lauv-fridtjof, 49, 42399.000000, INVALID
1756381602.999270, lauv-fridtjof, 49, 42400.000000, INVALID
1756381604.004285, lauv-fridtjof, 49, 42401.000000, INVALID
1756381605.000494, lauv-fridtjof, 49, 42402.000000, INVALID
1756381606.004650, lauv-fridtjof, 49, 42403.000000, INVALID
1756381606.997713, lauv-fridtjof, 49, 42404.000000, INVALID
1756381608.001897, lauv-fridtjof, 49, 42405.000000, INVALID
1756381609.002020, lauv-fridtjof, 49, 42406.000000, INVALID
1756381609.999150, lauv-fridtjof, 49, 42407.000000, INVALID
1756381610.997464, lauv-fridtjof, 49, 42408.000000, INVALID
1756381611.995676, lauv-fridtjof, 49, 42409.000000, INVALID
1756381612.996140, lauv-fridtjof, 49, 42410.000000, INVALID
1756381613.995840, lauv-fridtjof, 49, 42411.000000, INVALID
1756381614.994934, lauv-fridtjof, 49, 42412.000000, INVALID
1756381616.004121, lauv-fridtjof, 49, 42413.000000, INVALID
1756381616.999222, lauv-fridtjof, 49, 42414.000000, INVALID
1756381617.999506, lauv-fridtjof, 49, 42415.000000, INVALID
1756381618.998536, lauv-fridtjof, 49, 42416.000000, INVALID
1756381619.999653, lauv-fridtjof, 49, 42417.000000, INVALID
1756381620.996218, lauv-fridtjof, 49, 42418.000000, INVALID
1756381621.996976, lauv-fridtjof, 49, 42419.000000, INVALID
1756381622.996094, lauv-fridtjof, 49, 42420.000000, INVALID
1756381623.995293, lauv-fridtjof, 49, 42421.000000, INVALID
1756381624.994455, lauv-fridtjof, 49, 42422.000000, INVALID
1756381625.996543, lauv-fridtjof, 49, 42423.000000, INVALID
1756381626.995736, lauv-fridtjof, 49, 42424.000000, INVALID
1756381627.996809, lauv-fridtjof, 49, 42425.000000, INVALID
1756381628.995966, lauv-fridtjof, 49, 42426.000000, INVALID
1756381629.998157, lauv-fridtjof, 49, 42427.000000, INVALID
1756381630.999302, lauv-fridtjof, 49, 42428.000000, INVALID
1756381631.998452, lauv-fridtjof, 49, 42429.000000, INVALID
1756381632.992603, lauv-fridtjof, 49, 42430.000000, INVALID
1756381633.999688, lauv-fridtjof, 49, 42431.000000, INVALID
1756381634.997903, lauv-fridtjof, 49, 42432.000000, INVALID
1756381635.996024, lauv-fridtjof, 49, 42433.000000, INVALID
1756381636.994237, lauv-fridtjof, 49, 42434.000000, INVALID
1756381637.997331, lauv-fridtjof, 49, 42435.000000, INVALID
1756381638.994621, lauv-fridtjof, 49, 42436.000000, INVALID
1756381639.998753, lauv-fridtjof, 49, 42437.000000, INVALID
1756381640.995805, lauv-fridtjof, 49, 42438.000000, INVALID
1756381642.000885, lauv-fridtjof, 49, 42439.000000, INVALID
1756381642.994072, lauv-fridtjof, 49, 42440.000000, INVALID
1756381643.996178, lauv-fridtjof, 49, 42441.000000, INVALID
1756381644.999427, lauv-fridtjof, 49, 42442.000000, INVALID
1756381645.996472, lauv-fridtjof, 49, 42443.000000, INVALID
1756381646.996679, lauv-fridtjof, 49, 42444.000000, INVALID
1756381647.998826, lauv-fridtjof, 49, 42445.000000, INVALID
1756381648.995930, lauv-fridtjof, 49, 42446.000000, INVALID
1756381649.996237, lauv-fridtjof, 49, 42447.000000, INVALID
1756381651.002720, lauv-fridtjof, 49, 42448.000000, INVALID
1756381652.002347, lauv-fridtjof, 49, 42449.000000, INVALID
1756381653.000565, lauv-fridtjof, 49, 42450.000000, INVALID
1756381654.002664, lauv-fridtjof, 49, 42451.000000, INVALID
1756381655.004788, lauv-fridtjof, 49, 42452.000000, INVALID
1756381656.002940, lauv-fridtjof, 49, 42453.000000, INVALID
1756381656.998160, lauv-fridtjof, 49, 42454.000000, INVALID
1756381657.999511, lauv-fridtjof, 49, 42455.000000, INVALID
1756381658.999379, lauv-fridtjof, 49, 42456.000000, INVALID
1756381660.009612, lauv-fridtjof, 49, 42457.000000, INVALID
1756381661.003736, lauv-fridtjof, 49, 42458.000000, INVALID
1756381661.999865, lauv-fridtjof, 49, 42459.000000, INVALID
1756381662.996984, lauv-fridtjof, 49, 42460.000000, INVALID
1756381663.999323, lauv-fridtjof, 49, 42461.000000, INVALID
1756381664.996466, lauv-fridtjof, 49, 42462.000000, INVALID
1756381666.000473, lauv-fridtjof, 49, 42463.000000, INVALID
1756381666.994620, lauv-fridtjof, 49, 42464.000000, INVALID
1756381667.996757, lauv-fridtjof, 49, 42465.000000, INVALID
1756381668.996917, lauv-fridtjof, 49, 42466.000000, INVALID
1756381670.001685, lauv-fridtjof, 49, 42467.000000, INVALID
1756381671.003138, lauv-fridtjof, 49, 42468.000000, INVALID
1756381672.005944, lauv-fridtjof, 49, 42469.000000, INVALID
1756381672.996436, lauv-fridtjof, 49, 42470.000000, INVALID
1756381673.998643, lauv-fridtjof, 49, 42471.000000, INVALID
1756381674.996907, lauv-fridtjof, 49, 42472.000000, INVALID
1756381676.000567, lauv-fridtjof, 49, 42473.000000, INVALID
1756381677.000299, lauv-fridtjof, 49, 42474.000000, INVALID
1756381677.997150, lauv-fridtjof, 49, 42475.000000, INVALID
1756381678.997426, lauv-fridtjof, 49, 42476.000000, INVALID
1756381679.997477, lauv-fridtjof, 49, 42477.000000, INVALID
1756381681.001735, lauv-fridtjof, 49, 42478.000000, INVALID
1756381682.000804, lauv-fridtjof, 49, 42479.000000, INVALID
1756381682.999959, lauv-fridtjof, 49, 42480.000000, INVALID
1756381684.008127, lauv-fridtjof, 49, 42481.000000, INVALID
1756381684.998319, lauv-fridtjof, 49, 42482.000000, INVALID
1756381685.996348, lauv-fridtjof, 49, 42483.000000, INVALID
1756381686.996519, lauv-fridtjof, 49, 42484.000000, INVALID
1756381687.998819, lauv-fridtjof, 49, 42485.000000, INVALID
1756381688.999658, lauv-fridtjof, 49, 42486.000000, INVALID
1756381689.996003, lauv-fridtjof, 49, 42487.000000, INVALID
1756381690.997111, lauv-fridtjof, 49, 42488.000000, INVALID
1756381691.999279, lauv-fridtjof, 49, 42489.000000, INVALID
1756381692.996386, lauv-fridtjof, 49, 42490.000000, INVALID
1756381693.996599, lauv-fridtjof, 49, 42491.000000, INVALID
1756381694.995693, lauv-fridtjof, 49, 42492.000000, INVALID
1756381695.997818, lauv-fridtjof, 49, 42493.000000, INVALID
1756381696.995975, lauv-fridtjof, 49, 42494.000000, INVALID
1756381698.006750, lauv-fridtjof, 49, 42495.000000, INVALID
1756381698.997290, lauv-fridtjof, 49, 42496.000000, INVALID
1756381699.997412, lauv-fridtjof, 49, 42497.000000, INVALID
1756381700.998636, lauv-fridtjof, 49, 42498.000000, INVALID
1756381702.004743, lauv-fridtjof, 49, 42499.000000, INVALID
1756381702.994882, lauv-fridtjof, 49, 42500.000000, INVALID
1756381704.001092, lauv-fridtjof, 49, 42501.000000, INVALID
1756381704.997681, lauv-fridtjof, 49, 42502.000000, INVALID
1756381705.997306, lauv-fridtjof, 49, 42503.000000, INVALID
1756381706.998493, lauv-fridtjof, 49, 42504.000000, INVALID
1756381708.005601, lauv-fridtjof, 49, 42505.000000, INVALID
1756381708.997758, lauv-fridtjof, 49, 42506.000000, INVALID
1756381709.999001, lauv-fridtjof, 49, 42507.000000, INVALID
1756381711.002802, lauv-fridtjof, 49, 42508.000000, INVALID
1756381711.999252, lauv-fridtjof, 49, 42509.000000, INVALID
1756381713.003370, lauv-fridtjof, 49, 42510.000000, INVALID
1756381714.001490, lauv-fridtjof, 49, 42511.000000, INVALID
1756381715.002516, lauv-fridtjof, 49, 42512.000000, INVALID
1756381715.997928, lauv-fridtjof, 49, 42513.000000, INVALID
1756381716.998972, lauv-fridtjof, 49, 42514.000000, INVALID
1756381718.000120, lauv-fridtjof, 49, 42515.000000, INVALID
1756381719.002261, lauv-fridtjof, 49, 42516.000000, INVALID
1756381720.004411, lauv-fridtjof, 49, 42517.000000, INVALID
1756381721.002528, lauv-fridtjof, 49, 42518.000000, INVALID
1756381722.002673, lauv-fridtjof, 49, 42519.000000, INVALID
1756381723.000923, lauv-fridtjof, 49, 42520.000000, INVALID
1756381724.001306, lauv-fridtjof, 49, 42521.000000, INVALID
1756381724.997253, lauv-fridtjof, 49, 42522.000000, INVALID
1756381726.006326, lauv-fridtjof, 49, 42523.000000, INVALID
1756381726.996432, lauv-fridtjof, 49, 42524.000000, INVALID
1756381728.004590, lauv-fridtjof, 49, 42525.000000, INVALID
1756381728.995735, lauv-fridtjof, 49, 42526.000000, INVALID
1756381730.003849, lauv-fridtjof, 49, 42527.000000, INVALID
1756381731.004050, lauv-fridtjof, 49, 42528.000000, INVALID
1756381732.004154, lauv-fridtjof, 49, 42529.000000, INVALID
1756381733.003762, lauv-fridtjof, 49, 42530.000000, INVALID
1756381733.999430, lauv-fridtjof, 49, 42531.000000, INVALID
1756381735.002663, lauv-fridtjof, 49, 42532.000000, INVALID
1756381736.005829, lauv-fridtjof, 49, 42533.000000, INVALID
1756381737.005987, lauv-fridtjof, 49, 42534.000000, INVALID
1756381738.002095, lauv-fridtjof, 49, 42535.000000, INVALID
1756381738.999291, lauv-fridtjof, 49, 42536.000000, INVALID
1756381740.004299, lauv-fridtjof, 49, 42537.000000, INVALID
1756381741.001956, lauv-fridtjof, 49, 42538.000000, INVALID
1756381741.997609, lauv-fridtjof, 49, 42539.000000, INVALID
1756381743.005738, lauv-fridtjof, 49, 42540.000000, INVALID
1756381744.004910, lauv-fridtjof, 49, 42541.000000, INVALID
1756381745.000247, lauv-fridtjof, 49, 42542.000000, INVALID
1756381746.005290, lauv-fridtjof, 49, 42543.000000, INVALID
1756381746.998511, lauv-fridtjof, 49, 42544.000000, INVALID
1756381748.002486, lauv-fridtjof, 49, 42545.000000, INVALID
1756381748.996748, lauv-fridtjof, 49, 42546.000000, INVALID
1756381749.997779, lauv-fridtjof, 49, 42547.000000, INVALID
1756381750.995917, lauv-fridtjof, 49, 42548.000000, INVALID
1756381752.000280, lauv-fridtjof, 49, 42549.000000, INVALID
1756381753.005225, lauv-fridtjof, 49, 42550.000000, INVALID
1756381754.002361, lauv-fridtjof, 49, 42551.000000, INVALID
1756381754.996548, lauv-fridtjof, 49, 42552.000000, INVALID
1756381756.001701, lauv-fridtjof, 49, 42553.000000, INVALID
1756381757.000968, lauv-fridtjof, 49, 42554.000000, INVALID
1756381757.995291, lauv-fridtjof, 49, 42555.000000, INVALID
1756381759.002079, lauv-fridtjof, 49, 42556.000000, INVALID
1756381759.998356, lauv-fridtjof, 49, 42557.000000, INVALID
1756381760.996378, lauv-fridtjof, 49, 42558.000000, INVALID
1756381762.004651, lauv-fridtjof, 49, 42559.000000, INVALID
1756381762.997689, lauv-fridtjof, 49, 42560.000000, INVALID
1756381763.998893, lauv-fridtjof, 49, 42561.000000, INVALID
1756381764.999018, lauv-fridtjof, 49, 42562.000000, INVALID
1756381765.999160, lauv-fridtjof, 49, 42563.000000, INVALID
1756381766.999365, lauv-fridtjof, 49, 42564.000000, INVALID
1756381768.002423, lauv-fridtjof, 49, 42565.000000, INVALID
1756381768.999663, lauv-fridtjof, 49, 42566.000000, INVALID
1756381769.998805, lauv-fridtjof, 49, 42567.000000, INVALID
1756381771.004911, lauv-fridtjof, 49, 42568.000000, INVALID
1756381771.998075, lauv-fridtjof, 49, 42569.000000, INVALID
1756381773.001247, lauv-fridtjof, 49, 42570.000000, INVALID
1756381774.006318, lauv-fridtjof, 49, 42571.000000, INVALID
1756381775.001475, lauv-fridtjof, 49, 42572.000000, INVALID
1756381776.005608, lauv-fridtjof, 49, 42573.000000, INVALID
1756381776.995807, lauv-fridtjof, 49, 42574.000000, INVALID
1756381778.002902, lauv-fridtjof, 49, 42575.000000, INVALID
1756381778.999093, lauv-fridtjof, 49, 42576.000000, INVALID
1756381779.999265, lauv-fridtjof, 49, 42577.000000, INVALID
1756381780.999397, lauv-fridtjof, 49, 42578.000000, INVALID
1756381781.998690, lauv-fridtjof, 49, 42579.000000, INVALID
1756381782.995633, lauv-fridtjof, 49, 42580.000000, INVALID
1756381784.002255, lauv-fridtjof, 49, 42581.000000, INVALID
1756381784.997928, lauv-fridtjof, 49, 42582.000000, INVALID
1756381785.998075, lauv-fridtjof, 49, 42583.000000, INVALID
1756381786.998302, lauv-fridtjof, 49, 42584.000000, INVALID
1756381787.998602, lauv-fridtjof, 49, 42585.000000, INVALID
1756381788.996550, lauv-fridtjof, 49, 42586.000000, INVALID
1756381790.004659, lauv-fridtjof, 49, 42587.000000, INVALID
1756381791.005823, lauv-fridtjof, 49, 42588.000000, INVALID
1756381791.996979, lauv-fridtjof, 49, 42589.000000, INVALID
1756381792.997123, lauv-fridtjof, 49, 42590.000000, INVALID
1756381794.002320, lauv-fridtjof, 49, 42591.000000, INVALID
1756381794.997403, lauv-fridtjof, 49, 42592.000000, INVALID
1756381796.005532, lauv-fridtjof, 49, 42593.000000, INVALID
1756381797.005794, lauv-fridtjof, 49, 42594.000000, INVALID
1756381797.998901, lauv-fridtjof, 49, 42595.000000, INVALID
1756381798.999041, lauv-fridtjof, 49, 42596.000000, INVALID
1756381800.003224, lauv-fridtjof, 49, 42597.000000, INVALID
1756381801.002294, lauv-fridtjof, 49, 42598.000000, INVALID
1756381802.002449, lauv-fridtjof, 49, 42599.000000, INVALID
1756381803.005572, lauv-fridtjof, 49, 42600.000000, INVALID
1756381804.005750, lauv-fridtjof, 49, 42601.000000, INVALID
1756381805.005011, lauv-fridtjof, 49, 42602.000000, INVALID
1756381806.006021, lauv-fridtjof, 49, 42603.000000, INVALID
1756381807.002219, lauv-fridtjof, 49, 42604.000000, INVALID
1756381808.004346, lauv-fridtjof, 49, 42605.000000, INVALID
1756381808.996515, lauv-fridtjof, 49, 42606.000000, INVALID
1756381809.999652, lauv-fridtjof, 49, 42607.000000, INVALID
1756381811.001790, lauv-fridtjof, 49, 42608.000000, INVALID
1756381812.001941, lauv-fridtjof, 49, 42609.000000, INVALID
1756381812.999131, lauv-fridtjof, 49, 42610.000000, INVALID
1756381814.005260, lauv-fridtjof, 49, 42611.000000, INVALID
1756381814.998414, lauv-fridtjof, 49, 42612.000000, INVALID
1756381815.999615, lauv-fridtjof, 49, 42613.000000, INVALID
1756381817.001674, lauv-fridtjof, 49, 42614.000000, INVALID
1756381818.000875, lauv-fridtjof, 49, 42615.000000, INVALID
1756381818.999045, lauv-fridtjof, 49, 42616.000000, INVALID
1756381820.002134, lauv-fridtjof, 49, 42617.000000, INVALID
1756381820.998305, lauv-fridtjof, 49, 42618.000000, INVALID
1756381822.002390, lauv-fridtjof, 49, 42619.000000, INVALID
1756381822.999947, lauv-fridtjof, 49, 42620.000000, INVALID
1756381824.002437, lauv-fridtjof, 49, 42621.000000, INVALID
1756381824.995831, lauv-fridtjof, 49, 42622.000000, INVALID
1756381826.001034, lauv-fridtjof, 49, 42623.000000, INVALID
1756381827.003267, lauv-fridtjof, 49, 42624.000000, INVALID
1756381828.003290, lauv-fridtjof, 49, 42625.000000, INVALID
1756381828.997390, lauv-fridtjof, 49, 42626.000000, INVALID
1756381830.001712, lauv-fridtjof, 49, 42627.000000, INVALID
1756381831.001761, lauv-fridtjof, 49, 42628.000000, INVALID
1756381832.002455, lauv-fridtjof, 49, 42629.000000, INVALID
1756381833.008079, lauv-fridtjof, 49, 42630.000000, INVALID
1756381834.003136, lauv-fridtjof, 49, 42631.000000, INVALID
1756381835.002296, lauv-fridtjof, 49, 42632.000000, INVALID
1756381836.003442, lauv-fridtjof, 49, 42633.000000, INVALID
1756381836.996687, lauv-fridtjof, 49, 42634.000000, INVALID
1756381838.005829, lauv-fridtjof, 49, 42635.000000, INVALID
1756381838.999886, lauv-fridtjof, 49, 42636.000000, INVALID
1756381840.001793, lauv-fridtjof, 49, 42637.000000, INVALID
1756381840.997164, lauv-fridtjof, 49, 42638.000000, INVALID
1756381841.999370, lauv-fridtjof, 49, 42639.000000, INVALID
1756381842.996525, lauv-fridtjof, 49, 42640.000000, INVALID
1756381843.998770, lauv-fridtjof, 49, 42641.000000, INVALID
1756381845.001789, lauv-fridtjof, 49, 42642.000000, INVALID
1756381846.002909, lauv-fridtjof, 49, 42643.000000, INVALID
1756381846.999125, lauv-fridtjof, 49, 42644.000000, INVALID
1756381848.003427, lauv-fridtjof, 49, 42645.000000, INVALID
1756381849.002058, lauv-fridtjof, 49, 42646.000000, INVALID
1756381850.004545, lauv-fridtjof, 49, 42647.000000, INVALID
1756381851.002694, lauv-fridtjof, 49, 42648.000000, INVALID
1756381852.000881, lauv-fridtjof, 49, 42649.000000, INVALID
1756381853.004972, lauv-fridtjof, 49, 42650.000000, INVALID
1756381854.002101, lauv-fridtjof, 49, 42651.000000, INVALID
1756381854.998260, lauv-fridtjof, 49, 42652.000000, INVALID
1756381856.001454, lauv-fridtjof, 49, 42653.000000, INVALID
1756381856.998544, lauv-fridtjof, 49, 42654.000000, INVALID
1756381858.003786, lauv-fridtjof, 49, 42655.000000, INVALID
1756381858.996943, lauv-fridtjof, 49, 42656.000000, INVALID
1756381859.999976, lauv-fridtjof, 49, 42657.000000, INVALID
1756381861.004168, lauv-fridtjof, 49, 42658.000000, INVALID
1756381862.006349, lauv-fridtjof, 49, 42659.000000, INVALID
1756381863.005534, lauv-fridtjof, 49, 42660.000000, INVALID
1756381864.005556, lauv-fridtjof, 49, 42661.000000, INVALID
1756381865.004728, lauv-fridtjof, 49, 42662.000000, INVALID
1756381866.008061, lauv-fridtjof, 49, 42663.000000, INVALID
1756381867.001649, lauv-fridtjof, 49, 42664.000000, INVALID
1756381868.008424, lauv-fridtjof, 49, 42665.000000, INVALID
1756381869.001352, lauv-fridtjof, 49, 42666.000000, INVALID
1756381870.003443, lauv-fridtjof, 49, 42667.000000, INVALID
1756381871.005596, lauv-fridtjof, 49, 42668.000000, INVALID
1756381872.010032, lauv-fridtjof, 49, 42669.000000, INVALID
1756381872.999911, lauv-fridtjof, 49, 42670.000000, INVALID
1756381874.009120, lauv-fridtjof, 49, 42671.000000, INVALID
1756381875.003178, lauv-fridtjof, 49, 42672.000000, INVALID
1756381876.003358, lauv-fridtjof, 49, 42673.000000, INVALID
1756381877.006471, lauv-fridtjof, 49, 42674.000000, INVALID
1756381878.009870, lauv-fridtjof, 49, 42675.000000, INVALID
1756381879.005773, lauv-fridtjof, 49, 42676.000000, INVALID
1756381880.001933, lauv-fridtjof, 49, 42677.000000, INVALID
1756381880.999140, lauv-fridtjof, 49, 42678.000000, INVALID
1756381882.004389, lauv-fridtjof, 49, 42679.000000, INVALID
1756381883.002388, lauv-fridtjof, 49, 42680.000000, INVALID
1756381884.005518, lauv-fridtjof, 49, 42681.000000, INVALID
1756381885.002672, lauv-fridtjof, 49, 42682.000000, INVALID
1756381886.000861, lauv-fridtjof, 49, 42683.000000, INVALID
1756381887.004972, lauv-fridtjof, 49, 42684.000000, INVALID
1756381888.003101, lauv-fridtjof, 49, 42685.000000, INVALID
1756381889.003356, lauv-fridtjof, 49, 42686.000000, INVALID
1756381890.007880, lauv-fridtjof, 49, 42687.000000, INVALID
1756381891.005544, lauv-fridtjof, 49, 42688.000000, INVALID
1756381892.005691, lauv-fridtjof, 49, 42689.000000, INVALID
1756381893.008991, lauv-fridtjof, 49, 42690.000000, INVALID
1756381894.009085, lauv-fridtjof, 49, 42691.000000, INVALID
1756381895.006147, lauv-fridtjof, 49, 42692.000000, INVALID
1756381895.999419, lauv-fridtjof, 49, 42693.000000, INVALID
1756381897.001485, lauv-fridtjof, 49, 42694.000000, INVALID
1756381898.002604, lauv-fridtjof, 49, 42695.000000, INVALID
1756381898.998835, lauv-fridtjof, 49, 42696.000000, INVALID
1756381899.998973, lauv-fridtjof, 49, 42697.000000, INVALID
1756381900.997600, lauv-fridtjof, 49, 42698.000000, INVALID
1756381902.000272, lauv-fridtjof, 49, 42699.000000, INVALID
1756381903.005341, lauv-fridtjof, 49, 42700.000000, INVALID
1756381904.004675, lauv-fridtjof, 49, 42701.000000, INVALID
1756381904.999718, lauv-fridtjof, 49, 42702.000000, INVALID
1756381906.005148, lauv-fridtjof, 49, 42703.000000, INVALID
1756381906.998993, lauv-fridtjof, 49, 42704.000000, INVALID
1756381907.999867, lauv-fridtjof, 49, 42705.000000, INVALID
1756381908.999521, lauv-fridtjof, 49, 42706.000000, INVALID
1756381910.007515, lauv-fridtjof, 49, 42707.000000, INVALID
1756381911.002496, lauv-fridtjof, 49, 42708.000000, INVALID
1756381912.002677, lauv-fridtjof, 49, 42709.000000, INVALID
1756381913.004846, lauv-fridtjof, 49, 42710.000000, INVALID
1756381914.007020, lauv-fridtjof, 49, 42711.000000, INVALID
1756381915.002233, lauv-fridtjof, 49, 42712.000000, INVALID
1756381916.009455, lauv-fridtjof, 49, 42713.000000, INVALID
1756381917.010494, lauv-fridtjof, 49, 42714.000000, INVALID
1756381918.000792, lauv-fridtjof, 49, 42715.000000, INVALID
1756381919.001133, lauv-fridtjof, 49, 42716.000000, INVALID
1756381920.003386, lauv-fridtjof, 49, 42717.000000, INVALID
1756381920.997024, lauv-fridtjof, 49, 42718.000000, INVALID
1756381922.004580, lauv-fridtjof, 49, 42719.000000, INVALID
1756381923.000401, lauv-fridtjof, 49, 42720.000000, INVALID
1756381923.999517, lauv-fridtjof, 49, 42721.000000, INVALID
1756381925.001576, lauv-fridtjof, 49, 42722.000000, INVALID
1756381926.002720, lauv-fridtjof, 49, 42723.000000, INVALID
1756381927.003847, lauv-fridtjof, 49, 42724.000000, INVALID
1756381928.002993, lauv-fridtjof, 49, 42725.000000, INVALID
1756381928.998299, lauv-fridtjof, 49, 42726.000000, INVALID
1756381930.002324, lauv-fridtjof, 49, 42727.000000, INVALID
1756381930.999544, lauv-fridtjof, 49, 42728.000000, INVALID
1756381932.005596, lauv-fridtjof, 49, 42729.000000, INVALID
1756381932.998869, lauv-fridtjof, 49, 42730.000000, INVALID
1756381934.001958, lauv-fridtjof, 49, 42731.000000, INVALID
1756381935.003124, lauv-fridtjof, 49, 42732.000000, INVALID
1756381936.002506, lauv-fridtjof, 49, 42733.000000, INVALID
1756381937.007375, lauv-fridtjof, 49, 42734.000000, INVALID
1756381938.002529, lauv-fridtjof, 49, 42735.000000, INVALID
1756381939.005657, lauv-fridtjof, 49, 42736.000000, INVALID
1756381940.000917, lauv-fridtjof, 49, 42737.000000, INVALID
1756381941.000998, lauv-fridtjof, 49, 42738.000000, INVALID
1756381942.004120, lauv-fridtjof, 49, 42739.000000, INVALID
1756381943.002270, lauv-fridtjof, 49, 42740.000000, INVALID
1756381944.005363, lauv-fridtjof, 49, 42741.000000, INVALID
1756381945.001648, lauv-fridtjof, 49, 42742.000000, INVALID
1756381946.005704, lauv-fridtjof, 49, 42743.000000, INVALID
1756381947.002329, lauv-fridtjof, 49, 42744.000000, INVALID
1756381948.003023, lauv-fridtjof, 49, 42745.000000, INVALID
1756381949.000827, lauv-fridtjof, 49, 42746.000000, INVALID
1756381950.008395, lauv-fridtjof, 49, 42747.000000, INVALID
1756381951.005509, lauv-fridtjof, 49, 42748.000000, INVALID
1756381952.004609, lauv-fridtjof, 49, 42749.000000, INVALID
1756381953.007751, lauv-fridtjof, 49, 42750.000000, INVALID
1756381954.006841, lauv-fridtjof, 49, 42751.000000, INVALID
1756381955.005625, lauv-fridtjof, 49, 42752.000000, INVALID
1756381956.002216, lauv-fridtjof, 49, 42753.000000, INVALID
1756381956.997407, lauv-fridtjof, 49, 42754.000000, INVALID
1756381958.003551, lauv-fridtjof, 49, 42755.000000, INVALID
1756381959.004644, lauv-fridtjof, 49, 42756.000000, INVALID
1756381960.004917, lauv-fridtjof, 49, 42757.000000, INVALID
1756381961.008497, lauv-fridtjof, 49, 42758.000000, INVALID
1756381962.010689, lauv-fridtjof, 49, 42759.000000, INVALID
1756381963.008456, lauv-fridtjof, 49, 42760.000000, INVALID
1756381964.008559, lauv-fridtjof, 49, 42761.000000, INVALID
1756381965.003561, lauv-fridtjof, 49, 42762.000000, INVALID
1756381966.009703, lauv-fridtjof, 49, 42763.000000, INVALID
1756381967.001913, lauv-fridtjof, 49, 42764.000000, INVALID
1756381968.007561, lauv-fridtjof, 49, 42765.000000, INVALID
1756381969.003115, lauv-fridtjof, 49, 42766.000000, INVALID
1756381970.010374, lauv-fridtjof, 49, 42767.000000, INVALID
1756381971.012504, lauv-fridtjof, 49, 42768.000000, INVALID
1756381972.010540, lauv-fridtjof, 49, 42769.000000, INVALID
1756381973.002752, lauv-fridtjof, 49, 42770.000000, INVALID
1756381974.004800, lauv-fridtjof, 49, 42771.000000, INVALID
1756381975.001990, lauv-fridtjof, 49, 42772.000000, INVALID
1756381976.006139, lauv-fridtjof, 49, 42773.000000, INVALID
1756381977.008422, lauv-fridtjof, 49, 42774.000000, INVALID
1756381978.008737, lauv-fridtjof, 49, 42775.000000, INVALID
1756381979.003782, lauv-fridtjof, 49, 42776.000000, INVALID
1756381980.002968, lauv-fridtjof, 49, 42777.000000, INVALID
1756381981.003960, lauv-fridtjof, 49, 42778.000000, INVALID
1756381982.007227, lauv-fridtjof, 49, 42779.000000, INVALID
1756381983.005239, lauv-fridtjof, 49, 42780.000000, INVALID
1756381984.008453, lauv-fridtjof, 49, 42781.000000, INVALID
1756381985.002048, lauv-fridtjof, 49, 42782.000000, INVALID
1756381986.005824, lauv-fridtjof, 49, 42783.000000, INVALID
1756381987.001644, lauv-fridtjof, 49, 42784.000000, INVALID
1756381988.005961, lauv-fridtjof, 49, 42785.000000, INVALID
1756381988.997329, lauv-fridtjof, 49, 42786.000000, INVALID
1756381990.008363, lauv-fridtjof, 49, 42787.000000, INVALID
1756381991.005289, lauv-fridtjof, 49, 42788.000000, INVALID
1756381992.007545, lauv-fridtjof, 49, 42789.000000, INVALID
1756381993.009762, lauv-fridtjof, 49, 42790.000000, INVALID
1756381994.005802, lauv-fridtjof, 49, 42791.000000, INVALID
1756381995.003950, lauv-fridtjof, 49, 42792.000000, INVALID
1756381996.003263, lauv-fridtjof, 49, 42793.000000, INVALID
1756381997.003774, lauv-fridtjof, 49, 42794.000000, INVALID
1756381998.006061, lauv-fridtjof, 49, 42795.000000, INVALID
1756381999.004061, lauv-fridtjof, 49, 42796.000000, INVALID
1756382000.008759, lauv-fridtjof, 49, 42797.000000, INVALID
1756382001.010909, lauv-fridtjof, 49, 42798.000000, INVALID
1756382002.008041, lauv-fridtjof, 49, 42799.000000, INVALID
1756382003.006990, lauv-fridtjof, 49, 42800.000000, INVALID
1756382004.016847, lauv-fridtjof, 49, 42801.000000, INVALID
1756382005.007149, lauv-fridtjof, 49, 42802.000000, INVALID
1756382006.006604, lauv-fridtjof, 49, 42803.000000, INVALID
1756382007.014731, lauv-fridtjof, 49, 42804.000000, INVALID
1756382008.011060, lauv-fridtjof, 49, 42805.000000, INVALID
1756382009.001464, lauv-fridtjof, 49, 42806.000000, INVALID
1756382010.009261, lauv-fridtjof, 49, 42807.000000, INVALID
1756382011.005303, lauv-fridtjof, 49, 42808.000000, INVALID
1756382012.009468, lauv-fridtjof, 49, 42809.000000, INVALID
1756382013.010718, lauv-fridtjof, 49, 42810.000000, INVALID
1756382014.010811, lauv-fridtjof, 49, 42811.000000, INVALID
1756382015.011917, lauv-fridtjof, 49, 42812.000000, INVALID
1756382016.007124, lauv-fridtjof, 49, 42813.000000, INVALID
1756382017.002325, lauv-fridtjof, 49, 42814.000000, INVALID
1756382018.003408, lauv-fridtjof, 49, 42815.000000, INVALID
1756382019.004555, lauv-fridtjof, 49, 42816.000000, INVALID
1756382020.008348, lauv-fridtjof, 49, 42817.000000, INVALID
1756382021.008823, lauv-fridtjof, 49, 42818.000000, INVALID
1756382022.010060, lauv-fridtjof, 49, 42819.000000, INVALID
1756382023.002041, lauv-fridtjof, 49, 42820.000000, INVALID
1756382024.007291, lauv-fridtjof, 49, 42821.000000, INVALID
1756382025.007583, lauv-fridtjof, 49, 42822.000000, INVALID
1756382026.013519, lauv-fridtjof, 49, 42823.000000, INVALID
1756382027.005915, lauv-fridtjof, 49, 42824.000000, INVALID
1756382028.011840, lauv-fridtjof, 49, 42825.000000, INVALID
1756382029.014369, lauv-fridtjof, 49, 42826.000000, INVALID
1756382030.009240, lauv-fridtjof, 49, 42827.000000, INVALID
1756382031.005523, lauv-fridtjof, 49, 42828.000000, INVALID
1756382032.009457, lauv-fridtjof, 49, 42829.000000, INVALID
1756382033.004575, lauv-fridtjof, 49, 42830.000000, INVALID
1756382034.010649, lauv-fridtjof, 49, 42831.000000, INVALID
1756382035.009280, lauv-fridtjof, 49, 42832.000000, INVALID
1756382036.017990, lauv-fridtjof, 49, 42833.000000, INVALID
1756382037.008688, lauv-fridtjof, 49, 42834.000000, INVALID
1756382038.010221, lauv-fridtjof, 49, 42835.000000, INVALID
1756382039.006526, lauv-fridtjof, 49, 42836.000000, INVALID
1756382040.003549, lauv-fridtjof, 49, 42837.000000, INVALID
1756382041.002691, lauv-fridtjof, 49, 42838.000000, INVALID
1756382042.001848, lauv-fridtjof, 49, 42839.000000, INVALID
1756382043.005382, lauv-fridtjof, 49, 42840.000000, INVALID
1756382044.003119, lauv-fridtjof, 49, 42841.000000, INVALID
1756382045.000398, lauv-fridtjof, 49, 42842.000000, INVALID
1756382046.003977, lauv-fridtjof, 49, 42843.000000, INVALID
1756382047.004577, lauv-fridtjof, 49, 42844.000000, INVALID
1756382048.006674, lauv-fridtjof, 49, 42845.000000, INVALID
1756382049.001827, lauv-fridtjof, 49, 42846.000000, INVALID
1756382050.005000, lauv-fridtjof, 49, 42847.000000, INVALID
1756382051.006157, lauv-fridtjof, 49, 42848.000000, INVALID
1756382052.012758, lauv-fridtjof, 49, 42849.000000, INVALID
1756382053.002442, lauv-fridtjof, 49, 42850.000000, INVALID
1756382054.004592, lauv-fridtjof, 49, 42851.000000, INVALID
1756382055.004756, lauv-fridtjof, 49, 42852.000000, INVALID
1756382056.008989, lauv-fridtjof, 49, 42853.000000, INVALID
1756382057.001330, lauv-fridtjof, 49, 42854.000000, INVALID
1756382058.009316, lauv-fridtjof, 49, 42855.000000, INVALID
1756382059.004364, lauv-fridtjof, 49, 42856.000000, INVALID
1756382060.008613, lauv-fridtjof, 49, 42857.000000, INVALID
1756382061.004638, lauv-fridtjof, 49, 42858.000000, INVALID
1756382062.007898, lauv-fridtjof, 49, 42859.000000, INVALID
1756382063.001960, lauv-fridtjof, 49, 42860.000000, INVALID
1756382064.006067, lauv-fridtjof, 49, 42861.000000, INVALID
1756382065.005328, lauv-fridtjof, 49, 42862.000000, INVALID
1756382066.005376, lauv-fridtjof, 49, 42863.000000, INVALID
1756382067.005585, lauv-fridtjof, 49, 42864.000000, INVALID
1756382068.007843, lauv-fridtjof, 49, 42865.000000, INVALID
1756382068.999858, lauv-fridtjof, 49, 42866.000000, INVALID
1756382070.011357, lauv-fridtjof, 49, 42867.000000, INVALID
1756382071.005174, lauv-fridtjof, 49, 42868.000000, INVALID
1756382072.005293, lauv-fridtjof, 49, 42869.000000, INVALID
1756382073.005375, lauv-fridtjof, 49, 42870.000000, INVALID
1756382074.012613, lauv-fridtjof, 49, 42871.000000, INVALID
1756382075.011163, lauv-fridtjof, 49, 42872.000000, INVALID
1756382076.003859, lauv-fridtjof, 49, 42873.000000, INVALID
1756382077.002042, lauv-fridtjof, 49, 42874.000000, INVALID
1756382078.005167, lauv-fridtjof, 49, 42875.000000, INVALID
1756382079.002436, lauv-fridtjof, 49, 42876.000000, INVALID
1756382080.009764, lauv-fridtjof, 49, 42877.000000, INVALID
1756382081.004544, lauv-fridtjof, 49, 42878.000000, INVALID
1756382082.010838, lauv-fridtjof, 49, 42879.000000, INVALID
1756382083.013510, lauv-fridtjof, 49, 42880.000000, INVALID
1756382084.005993, lauv-fridtjof, 49, 42881.000000, INVALID
1756382085.007167, lauv-fridtjof, 49, 42882.000000, INVALID
1756382086.010409, lauv-fridtjof, 49, 42883.000000, INVALID
1756382087.010556, lauv-fridtjof, 49, 42884.000000, INVALID
1756382088.006617, lauv-fridtjof, 49, 42885.000000, INVALID
1756382089.000757, lauv-fridtjof, 49, 42886.000000, INVALID
1756382090.008078, lauv-fridtjof, 49, 42887.000000, INVALID
1756382091.013520, lauv-fridtjof, 49, 42888.000000, INVALID
1756382092.008360, lauv-fridtjof, 49, 42889.000000, INVALID
1756382092.998376, lauv-fridtjof, 49, 42890.000000, INVALID
1756382094.008696, lauv-fridtjof, 49, 42891.000000, INVALID
1756382095.006810, lauv-fridtjof, 49, 42892.000000, INVALID
1756382096.010893, lauv-fridtjof, 49, 42893.000000, INVALID
1756382097.012369, lauv-fridtjof, 49, 42894.000000, INVALID
1756382098.006103, lauv-fridtjof, 49, 42895.000000, INVALID
1756382099.000483, lauv-fridtjof, 49, 42896.000000, INVALID
1756382100.006529, lauv-fridtjof, 49, 42897.000000, INVALID
1756382101.012685, lauv-fridtjof, 49, 42898.000000, INVALID
1756382102.003690, lauv-fridtjof, 49, 42899.000000, INVALID
1756382103.004026, lauv-fridtjof, 49, 42900.000000, INVALID
1756382104.008079, lauv-fridtjof, 49, 42901.000000, INVALID
1756382105.009247, lauv-fridtjof, 49, 42902.000000, INVALID
1756382106.004321, lauv-fridtjof, 49, 42903.000000, INVALID
1756382107.004375, lauv-fridtjof, 49, 42904.000000, INVALID
1756382108.007704, lauv-fridtjof, 49, 42905.000000, INVALID
1756382109.001746, lauv-fridtjof, 49, 42906.000000, INVALID
1756382110.004861, lauv-fridtjof, 49, 42907.000000, INVALID
1756382111.005011, lauv-fridtjof, 49, 42908.000000, INVALID
1756382112.003215, lauv-fridtjof, 49, 42909.000000, INVALID
1756382113.002307, lauv-fridtjof, 49, 42910.000000, INVALID
1756382114.007595, lauv-fridtjof, 49, 42911.000000, INVALID
1756382115.005548, lauv-fridtjof, 49, 42912.000000, INVALID
1756382116.002695, lauv-fridtjof, 49, 42913.000000, INVALID
1756382117.004860, lauv-fridtjof, 49, 42914.000000, INVALID
1756382118.008374, lauv-fridtjof, 49, 42915.000000, INVALID
1756382119.003159, lauv-fridtjof, 49, 42916.000000, INVALID
1756382120.005315, lauv-fridtjof, 49, 42917.000000, INVALID
1756382121.001448, lauv-fridtjof, 49, 42918.000000, INVALID
1756382122.009679, lauv-fridtjof, 49, 42919.000000, INVALID
1756382123.006783, lauv-fridtjof, 49, 42920.000000, INVALID
1756382124.005922, lauv-fridtjof, 49, 42921.000000, INVALID
1756382125.005457, lauv-fridtjof, 49, 42922.000000, INVALID
1756382126.010330, lauv-fridtjof, 49, 42923.000000, INVALID
1756382127.007497, lauv-fridtjof, 49, 42924.000000, INVALID
1756382128.007663, lauv-fridtjof, 49, 42925.000000, INVALID
1756382129.000744, lauv-fridtjof, 49, 42926.000000, INVALID
1756382130.007808, lauv-fridtjof, 49, 42927.000000, INVALID
1756382131.009085, lauv-fridtjof, 49, 42928.000000, INVALID
1756382132.003070, lauv-fridtjof, 49, 42929.000000, INVALID
1756382133.012545, lauv-fridtjof, 49, 42930.000000, INVALID
1756382134.009647, lauv-fridtjof, 49, 42931.000000, INVALID
1756382135.005502, lauv-fridtjof, 49, 42932.000000, INVALID
1756382136.002683, lauv-fridtjof, 49, 42933.000000, INVALID
1756382137.004816, lauv-fridtjof, 49, 42934.000000, INVALID
1756382138.003008, lauv-fridtjof, 49, 42935.000000, INVALID
1756382139.005083, lauv-fridtjof, 49, 42936.000000, INVALID
1756382140.002304, lauv-fridtjof, 49, 42937.000000, INVALID
1756382141.000517, lauv-fridtjof, 49, 42938.000000, INVALID
1756382142.006629, lauv-fridtjof, 49, 42939.000000, INVALID
1756382143.005698, lauv-fridtjof, 49, 42940.000000, INVALID
1756382144.001905, lauv-fridtjof, 49, 42941.000000, INVALID
1756382145.004988, lauv-fridtjof, 49, 42942.000000, INVALID
1756382146.007144, lauv-fridtjof, 49, 42943.000000, INVALID
1756382147.001316, lauv-fridtjof, 49, 42944.000000, INVALID
1756382148.002431, lauv-fridtjof, 49, 42945.000000, INVALID
1756382149.005665, lauv-fridtjof, 49, 42946.000000, INVALID
1756382150.005762, lauv-fridtjof, 49, 42947.000000, INVALID
1756382151.005019, lauv-fridtjof, 49, 42948.000000, INVALID
1756382152.010162, lauv-fridtjof, 49, 42949.000000, INVALID
1756382153.005224, lauv-fridtjof, 49, 42950.000000, INVALID
1756382154.007417, lauv-fridtjof, 49, 42951.000000, INVALID
1756382155.002566, lauv-fridtjof, 49, 42952.000000, INVALID
1756382156.009786, lauv-fridtjof, 49, 42953.000000, INVALID
1756382157.010905, lauv-fridtjof, 49, 42954.000000, INVALID
1756382158.006955, lauv-fridtjof, 49, 42955.000000, INVALID
1756382159.007383, lauv-fridtjof, 49, 42956.000000, INVALID
1756382160.006407, lauv-fridtjof, 49, 42957.000000, INVALID
1756382161.006384, lauv-fridtjof, 49, 42958.000000, INVALID
1756382162.007590, lauv-fridtjof, 49, 42959.000000, INVALID
1756382163.009905, lauv-fridtjof, 49, 42960.000000, INVALID
1756382164.004430, lauv-fridtjof, 49, 42961.000000, INVALID
1756382165.001946, lauv-fridtjof, 49, 42962.000000, INVALID
1756382166.015102, lauv-fridtjof, 49, 42963.000000, INVALID
1756382167.003410, lauv-fridtjof, 49, 42964.000000, INVALID
1756382168.009658, lauv-fridtjof, 49, 42965.000000, INVALID
1756382169.007620, lauv-fridtjof, 49, 42966.000000, INVALID
1756382170.003737, lauv-fridtjof, 49, 42967.000000, INVALID
1756382171.002804, lauv-fridtjof, 49, 42968.000000, INVALID
1756382172.006021, lauv-fridtjof, 49, 42969.000000, INVALID
1756382173.004277, lauv-fridtjof, 49, 42970.000000, INVALID
1756382174.009460, lauv-fridtjof, 49, 42971.000000, INVALID
1756382175.007607, lauv-fridtjof, 49, 42972.000000, INVALID
1756382176.008879, lauv-fridtjof, 49, 42973.000000, INVALID
1756382177.004759, lauv-fridtjof, 49, 42974.000000, INVALID
1756382178.003931, lauv-fridtjof, 49, 42975.000000, INVALID
1756382179.004080, lauv-fridtjof, 49, 42976.000000, INVALID
1756382180.003245, lauv-fridtjof, 49, 42977.000000, INVALID
1756382181.006304, lauv-fridtjof, 49, 42978.000000, INVALID
1756382182.005464, lauv-fridtjof, 49, 42979.000000, INVALID
1756382183.008745, lauv-fridtjof, 49, 42980.000000, INVALID
1756382184.006962, lauv-fridtjof, 49, 42981.000000, INVALID
1756382185.004973, lauv-fridtjof, 49, 42982.000000, INVALID
1756382186.003051, lauv-fridtjof, 49, 42983.000000, INVALID
1756382187.011436, lauv-fridtjof, 49, 42984.000000, INVALID
1756382188.010554, lauv-fridtjof, 49, 42985.000000, INVALID
1756382189.002570, lauv-fridtjof, 49, 42986.000000, INVALID
1756382190.005634, lauv-fridtjof, 49, 42987.000000, INVALID
1756382191.005829, lauv-fridtjof, 49, 42988.000000, INVALID
1756382192.003039, lauv-fridtjof, 49, 42989.000000, INVALID
1756382193.011377, lauv-fridtjof, 49, 42990.000000, INVALID
1756382194.008368, lauv-fridtjof, 49, 42991.000000, INVALID
1756382195.006418, lauv-fridtjof, 49, 42992.000000, INVALID
1756382196.010843, lauv-fridtjof, 49, 42993.000000, INVALID
1756382197.003652, lauv-fridtjof, 49, 42994.000000, INVALID
1756382198.000875, lauv-fridtjof, 49, 42995.000000, INVALID
1756382199.010153, lauv-fridtjof, 49, 42996.000000, INVALID
1756382200.011177, lauv-fridtjof, 49, 42997.000000, INVALID
1756382201.005409, lauv-fridtjof, 49, 42998.000000, INVALID
1756382202.007490, lauv-fridtjof, 49, 42999.000000, INVALID
1756382203.004532, lauv-fridtjof, 49, 43000.000000, INVALID
1756382204.005697, lauv-fridtjof, 49, 43001.000000, INVALID
1756382205.000174, lauv-fridtjof, 49, 43002.000000, INVALID
1756382206.004023, lauv-fridtjof, 49, 43003.000000, INVALID
1756382207.004416, lauv-fridtjof, 49, 43004.000000, INVALID
1756382208.002332, lauv-fridtjof, 49, 43005.000000, INVALID
1756382209.006419, lauv-fridtjof, 49, 43006.000000, INVALID
1756382210.008737, lauv-fridtjof, 49, 43007.000000, INVALID
1756382211.005814, lauv-fridtjof, 49, 43008.000000, INVALID
1756382212.006148, lauv-fridtjof, 49, 43009.000000, INVALID
1756382213.010252, lauv-fridtjof, 49, 43010.000000, INVALID
1756382214.012386, lauv-fridtjof, 49, 43011.000000, INVALID
1756382215.008474, lauv-fridtjof, 49, 43012.000000, INVALID
1756382216.017429, lauv-fridtjof, 49, 43013.000000, INVALID
1756382217.008752, lauv-fridtjof, 49, 43014.000000, INVALID
1756382218.005962, lauv-fridtjof, 49, 43015.000000, INVALID
1756382219.001916, lauv-fridtjof, 49, 43016.000000, INVALID
1756382220.006711, lauv-fridtjof, 49, 43017.000000, INVALID
1756382221.002258, lauv-fridtjof, 49, 43018.000000, INVALID
1756382222.008489, lauv-fridtjof, 49, 43019.000000, INVALID
1756382223.006477, lauv-fridtjof, 49, 43020.000000, INVALID
1756382224.002616, lauv-fridtjof, 49, 43021.000000, INVALID
1756382225.004786, lauv-fridtjof, 49, 43022.000000, INVALID
1756382226.013967, lauv-fridtjof, 49, 43023.000000, INVALID
1756382227.009373, lauv-fridtjof, 49, 43024.000000, INVALID
1756382228.008425, lauv-fridtjof, 49, 43025.000000, INVALID
1756382229.005440, lauv-fridtjof, 49, 43026.000000, INVALID
1756382230.008716, lauv-fridtjof, 49, 43027.000000, INVALID
1756382231.002688, lauv-fridtjof, 49, 43028.000000, INVALID
1756382232.006855, lauv-fridtjof, 49, 43029.000000, INVALID
1756382233.008075, lauv-fridtjof, 49, 43030.000000, INVALID
1756382234.006119, lauv-fridtjof, 49, 43031.000000, INVALID
1756382235.005342, lauv-fridtjof, 49, 43032.000000, INVALID
1756382236.008562, lauv-fridtjof, 49, 43033.000000, INVALID
1756382237.009629, lauv-fridtjof, 49, 43034.000000, INVALID
1756382238.006776, lauv-fridtjof, 49, 43035.000000, INVALID
1756382239.009155, lauv-fridtjof, 49, 43036.000000, INVALID
1756382240.011099, lauv-fridtjof, 49, 43037.000000, INVALID
1756382241.002119, lauv-fridtjof, 49, 43038.000000, INVALID
1756382242.010610, lauv-fridtjof, 49, 43039.000000, INVALID
1756382243.005741, lauv-fridtjof, 49, 43040.000000, INVALID
1756382244.008711, lauv-fridtjof, 49, 43041.000000, INVALID
1756382245.005702, lauv-fridtjof, 49, 43042.000000, INVALID
1756382246.009239, lauv-fridtjof, 49, 43043.000000, INVALID
1756382247.008076, lauv-fridtjof, 49, 43044.000000, INVALID
1756382248.014262, lauv-fridtjof, 49, 43045.000000, INVALID
1756382249.004819, lauv-fridtjof, 49, 43046.000000, INVALID
1756382250.002427, lauv-fridtjof, 49, 43047.000000, INVALID
1756382251.011662, lauv-fridtjof, 49, 43048.000000, INVALID
1756382252.003764, lauv-fridtjof, 49, 43049.000000, INVALID
1756382253.010172, lauv-fridtjof, 49, 43050.000000, INVALID
1756382254.008786, lauv-fridtjof, 49, 43051.000000, INVALID
1756382255.009762, lauv-fridtjof, 49, 43052.000000, INVALID
1756382256.002332, lauv-fridtjof, 49, 43053.000000, INVALID
1756382257.005504, lauv-fridtjof, 49, 43054.000000, INVALID
1756382258.007766, lauv-fridtjof, 49, 43055.000000, INVALID
1756382259.002745, lauv-fridtjof, 49, 43056.000000, INVALID
1756382260.001925, lauv-fridtjof, 49, 43057.000000, INVALID
1756382261.005302, lauv-fridtjof, 49, 43058.000000, INVALID
1756382262.009648, lauv-fridtjof, 49, 43059.000000, INVALID
1756382263.003114, lauv-fridtjof, 49, 43060.000000, INVALID
1756382264.012610, lauv-fridtjof, 49, 43061.000000, INVALID
1756382265.002766, lauv-fridtjof, 49, 43062.000000, INVALID
1756382266.008058, lauv-fridtjof, 49, 43063.000000, INVALID
1756382267.002092, lauv-fridtjof, 49, 43064.000000, INVALID
1756382268.011718, lauv-fridtjof, 49, 43065.000000, INVALID
1756382269.004287, lauv-fridtjof, 49, 43066.000000, INVALID
1756382270.010515, lauv-fridtjof, 49, 43067.000000, INVALID
1756382271.011172, lauv-fridtjof, 49, 43068.000000, INVALID
1756382272.003758, lauv-fridtjof, 49, 43069.000000, INVALID
1756382273.002844, lauv-fridtjof, 49, 43070.000000, INVALID
1756382274.016134, lauv-fridtjof, 49, 43071.000000, INVALID
1756382275.016316, lauv-fridtjof, 49, 43072.000000, INVALID
1756382276.010572, lauv-fridtjof, 49, 43073.000000, INVALID
1756382277.002418, lauv-fridtjof, 49, 43074.000000, INVALID
1756382278.002574, lauv-fridtjof, 49, 43075.000000, INVALID
1756382279.001738, lauv-fridtjof, 49, 43076.000000, INVALID
1756382280.002889, lauv-fridtjof, 49, 43077.000000, INVALID
1756382281.000855, lauv-fridtjof, 49, 43078.000000, INVALID
1756382282.002177, lauv-fridtjof, 49, 43079.000000, INVALID
1756382283.003336, lauv-fridtjof, 49, 43080.000000, INVALID
1756382284.004481, lauv-fridtjof, 49, 43081.000000, INVALID
1756382285.003630, lauv-fridtjof, 49, 43082.000000, INVALID
1756382286.011855, lauv-fridtjof, 49, 43083.000000, INVALID
1756382287.007000, lauv-fridtjof, 49, 43084.000000, INVALID
1756382288.011537, lauv-fridtjof, 49, 43085.000000, INVALID
1756382289.009294, lauv-fridtjof, 49, 43086.000000, INVALID
1756382290.012426, lauv-fridtjof, 49, 43087.000000, INVALID
1756382291.006547, lauv-fridtjof, 49, 43088.000000, INVALID
1756382292.008693, lauv-fridtjof, 49, 43089.000000, INVALID
1756382293.001815, lauv-fridtjof, 49, 43090.000000, INVALID
1756382294.010004, lauv-fridtjof, 49, 43091.000000, INVALID
1756382295.003131, lauv-fridtjof, 49, 43092.000000, INVALID
1756382296.017788, lauv-fridtjof, 49, 43093.000000, INVALID
1756382297.010469, lauv-fridtjof, 49, 43094.000000, INVALID
1756382298.011572, lauv-fridtjof, 49, 43095.000000, INVALID
1756382299.003679, lauv-fridtjof, 49, 43096.000000, INVALID
1756382300.007873, lauv-fridtjof, 49, 43097.000000, INVALID
1756382301.003991, lauv-fridtjof, 49, 43098.000000, INVALID
1756382302.008286, lauv-fridtjof, 49, 43099.000000, INVALID
1756382303.007536, lauv-fridtjof, 49, 43100.000000, INVALID
1756382304.016797, lauv-fridtjof, 49, 43101.000000, INVALID
1756382305.003670, lauv-fridtjof, 49, 43102.000000, INVALID
1756382306.002031, lauv-fridtjof, 49, 43103.000000, INVALID
1756382307.004909, lauv-fridtjof, 49, 43104.000000, INVALID
1756382308.012806, lauv-fridtjof, 49, 43105.000000, INVALID
1756382309.006295, lauv-fridtjof, 49, 43106.000000, INVALID
1756382310.007541, lauv-fridtjof, 49, 43107.000000, INVALID
1756382311.009598, lauv-fridtjof, 49, 43108.000000, INVALID
1756382312.003623, lauv-fridtjof, 49, 43109.000000, INVALID
1756382313.017365, lauv-fridtjof, 49, 43110.000000, INVALID
1756382314.019934, lauv-fridtjof, 49, 43111.000000, INVALID
1756382315.017339, lauv-fridtjof, 49, 43112.000000, INVALID
1756382316.010342, lauv-fridtjof, 49, 43113.000000, INVALID
1756382317.009514, lauv-fridtjof, 49, 43114.000000, INVALID
1756382318.014619, lauv-fridtjof, 49, 43115.000000, INVALID
1756382319.001716, lauv-fridtjof, 49, 43116.000000, INVALID
1756382320.002801, lauv-fridtjof, 49, 43117.000000, INVALID
1756382321.003937, lauv-fridtjof, 49, 43118.000000, INVALID
1756382322.008509, lauv-fridtjof, 49, 43119.000000, INVALID
1756382323.003543, lauv-fridtjof, 49, 43120.000000, INVALID
1756382324.009272, lauv-fridtjof, 49, 43121.000000, INVALID
1756382325.001532, lauv-fridtjof, 49, 43122.000000, INVALID
1756382326.003666, lauv-fridtjof, 49, 43123.000000, INVALID
1756382327.007078, lauv-fridtjof, 49, 43124.000000, INVALID
1756382328.006121, lauv-fridtjof, 49, 43125.000000, INVALID
1756382329.001365, lauv-fridtjof, 49, 43126.000000, INVALID
1756382330.002388, lauv-fridtjof, 49, 43127.000000, INVALID
1756382331.004407, lauv-fridtjof, 49, 43128.000000, INVALID
1756382332.003851, lauv-fridtjof, 49, 43129.000000, INVALID
1756382333.001841, lauv-fridtjof, 49, 43130.000000, INVALID
1756382334.003859, lauv-fridtjof, 49, 43131.000000, INVALID
1756382335.007351, lauv-fridtjof, 49, 43132.000000, INVALID
1756382336.011258, lauv-fridtjof, 49, 43133.000000, INVALID
1756382337.009457, lauv-fridtjof, 49, 43134.000000, INVALID
1756382338.006540, lauv-fridtjof, 49, 43135.000000, INVALID
1756382339.002583, lauv-fridtjof, 49, 43136.000000, INVALID
1756382340.008654, lauv-fridtjof, 49, 43137.000000, INVALID
1756382341.001889, lauv-fridtjof, 49, 43138.000000, INVALID
1756382342.010102, lauv-fridtjof, 49, 43139.000000, INVALID
1756382343.011267, lauv-fridtjof, 49, 43140.000000, INVALID
1756382344.003307, lauv-fridtjof, 49, 43141.000000, INVALID
1756382345.008579, lauv-fridtjof, 49, 43142.000000, INVALID
1756382346.013607, lauv-fridtjof, 49, 43143.000000, INVALID
1756382346.997834, lauv-fridtjof, 49, 43144.000000, INVALID
1756382348.011170, lauv-fridtjof, 49, 43145.000000, INVALID
1756382349.004096, lauv-fridtjof, 49, 43146.000000, INVALID
1756382350.008344, lauv-fridtjof, 49, 43147.000000, INVALID
1756382351.002362, lauv-fridtjof, 49, 43148.000000, INVALID
1756382352.006498, lauv-fridtjof, 49, 43149.000000, INVALID
1756382353.003693, lauv-fridtjof, 49, 43150.000000, INVALID
1756382354.009929, lauv-fridtjof, 49, 43151.000000, INVALID
1756382354.998017, lauv-fridtjof, 49, 43152.000000, INVALID
1756382356.003094, lauv-fridtjof, 49, 43153.000000, INVALID
1756382357.005363, lauv-fridtjof, 49, 43154.000000, INVALID
1756382358.008842, lauv-fridtjof, 49, 43155.000000, INVALID
1756382359.007809, lauv-fridtjof, 49, 43156.000000, INVALID
1756382360.005745, lauv-fridtjof, 49, 43157.000000, INVALID
1756382361.007937, lauv-fridtjof, 49, 43158.000000, INVALID
1756382362.010433, lauv-fridtjof, 49, 43159.000000, INVALID
1756382363.001224, lauv-fridtjof, 49, 43160.000000, INVALID
1756382364.009387, lauv-fridtjof, 49, 43161.000000, INVALID
1756382365.008532, lauv-fridtjof, 49, 43162.000000, INVALID
1756382366.014611, lauv-fridtjof, 49, 43163.000000, INVALID
1756382367.009068, lauv-fridtjof, 49, 43164.000000, INVALID
1756382368.008909, lauv-fridtjof, 49, 43165.000000, INVALID
1756382369.005055, lauv-fridtjof, 49, 43166.000000, INVALID
1756382370.007398, lauv-fridtjof, 49, 43167.000000, INVALID
1756382371.008097, lauv-fridtjof, 49, 43168.000000, INVALID
1756382372.010541, lauv-fridtjof, 49, 43169.000000, INVALID
1756382373.008798, lauv-fridtjof, 49, 43170.000000, INVALID
1756382374.012803, lauv-fridtjof, 49, 43171.000000, INVALID
1756382375.008249, lauv-fridtjof, 49, 43172.000000, INVALID
1756382376.009446, lauv-fridtjof, 49, 43173.000000, INVALID
1756382377.003243, lauv-fridtjof, 49, 43174.000000, INVALID
1756382378.007570, lauv-fridtjof, 49, 43175.000000, INVALID
1756382379.003508, lauv-fridtjof, 49, 43176.000000, INVALID
1756382380.007855, lauv-fridtjof, 49, 43177.000000, INVALID
1756382381.003775, lauv-fridtjof, 49, 43178.000000, INVALID
1756382382.010017, lauv-fridtjof, 49, 43179.000000, INVALID
1756382383.007696, lauv-fridtjof, 49, 43180.000000, INVALID
1756382384.013394, lauv-fridtjof, 49, 43181.000000, INVALID
1756382385.003356, lauv-fridtjof, 49, 43182.000000, INVALID
1756382386.008631, lauv-fridtjof, 49, 43183.000000, INVALID
1756382387.007746, lauv-fridtjof, 49, 43184.000000, INVALID
1756382388.016069, lauv-fridtjof, 49, 43185.000000, INVALID
1756382389.011015, lauv-fridtjof, 49, 43186.000000, INVALID
1756382390.009352, lauv-fridtjof, 49, 43187.000000, INVALID
1756382391.006610, lauv-fridtjof, 49, 43188.000000, INVALID
1756382392.002413, lauv-fridtjof, 49, 43189.000000, INVALID
1756382393.000578, lauv-fridtjof, 49, 43190.000000, INVALID
1756382394.003680, lauv-fridtjof, 49, 43191.000000, INVALID
1756382395.001863, lauv-fridtjof, 49, 43192.000000, INVALID
1756382396.010060, lauv-fridtjof, 49, 43193.000000, INVALID
1756382397.005150, lauv-fridtjof, 49, 43194.000000, INVALID
1756382398.006440, lauv-fridtjof, 49, 43195.000000, INVALID
1756382399.009586, lauv-fridtjof, 49, 43196.000000, INVALID
1756382400.009730, lauv-fridtjof, 49, 43197.000000, INVALID
1756382401.005807, lauv-fridtjof, 49, 43198.000000, INVALID
1756382402.003887, lauv-fridtjof, 49, 43199.000000, INVALID
1756382403.013058, lauv-fridtjof, 49, 43200.000000, INVALID
1756382404.009295, lauv-fridtjof, 49, 43201.000000, INVALID
1756382405.008419, lauv-fridtjof, 49, 43202.000000, INVALID
1756382406.002509, lauv-fridtjof, 49, 43203.000000, INVALID
1756382407.005650, lauv-fridtjof, 49, 43204.000000, INVALID
1756382408.007858, lauv-fridtjof, 49, 43205.000000, INVALID
1756382409.003017, lauv-fridtjof, 49, 43206.000000, INVALID
1756382410.003109, lauv-fridtjof, 49, 43207.000000, INVALID
1756382411.002569, lauv-fridtjof, 49, 43208.000000, INVALID
1756382412.002347, lauv-fridtjof, 49, 43209.000000, INVALID
1756382413.009695, lauv-fridtjof, 49, 43210.000000, INVALID
1756382414.007735, lauv-fridtjof, 49, 43211.000000, INVALID
1756382415.005930, lauv-fridtjof, 49, 43212.000000, INVALID
1756382416.008102, lauv-fridtjof, 49, 43213.000000, INVALID
1756382417.006253, lauv-fridtjof, 49, 43214.000000, INVALID
1756382418.007340, lauv-fridtjof, 49, 43215.000000, INVALID
1756382419.003762, lauv-fridtjof, 49, 43216.000000, INVALID
1756382420.003578, lauv-fridtjof, 49, 43217.000000, INVALID
1756382421.001753, lauv-fridtjof, 49, 43218.000000, INVALID
1756382422.006971, lauv-fridtjof, 49, 43219.000000, INVALID
1756382423.007991, lauv-fridtjof, 49, 43220.000000, INVALID
1756382424.009413, lauv-fridtjof, 49, 43221.000000, INVALID
1756382425.007348, lauv-fridtjof, 49, 43222.000000, INVALID
1756382426.003461, lauv-fridtjof, 49, 43223.000000, INVALID
1756382427.011645, lauv-fridtjof, 49, 43224.000000, INVALID
1756382428.006645, lauv-fridtjof, 49, 43225.000000, INVALID
1756382429.012866, lauv-fridtjof, 49, 43226.000000, INVALID
1756382430.009243, lauv-fridtjof, 49, 43227.000000, INVALID
1756382431.008322, lauv-fridtjof, 49, 43228.000000, INVALID
1756382432.004538, lauv-fridtjof, 49, 43229.000000, INVALID
1756382433.010512, lauv-fridtjof, 49, 43230.000000, INVALID
1756382434.010830, lauv-fridtjof, 49, 43231.000000, INVALID
1756382435.009878, lauv-fridtjof, 49, 43232.000000, INVALID
1756382436.016930, lauv-fridtjof, 49, 43233.000000, INVALID
1756382437.007383, lauv-fridtjof, 49, 43234.000000, INVALID
1756382438.013220, lauv-fridtjof, 49, 43235.000000, INVALID
1756382439.008888, lauv-fridtjof, 49, 43236.000000, INVALID
1756382440.007630, lauv-fridtjof, 49, 43237.000000, INVALID
1756382441.012721, lauv-fridtjof, 49, 43238.000000, INVALID
1756382442.021879, lauv-fridtjof, 49, 43239.000000, INVALID
1756382443.004979, lauv-fridtjof, 49, 43240.000000, INVALID
1756382444.016685, lauv-fridtjof, 49, 43241.000000, INVALID
1756382445.017900, lauv-fridtjof, 49, 43242.000000, INVALID
1756382446.013422, lauv-fridtjof, 49, 43243.000000, INVALID
1756382447.006833, lauv-fridtjof, 49, 43244.000000, INVALID
1756382448.009371, lauv-fridtjof, 49, 43245.000000, INVALID
1756382449.001898, lauv-fridtjof, 49, 43246.000000, INVALID
1756382450.008146, lauv-fridtjof, 49, 43247.000000, INVALID
1756382451.007744, lauv-fridtjof, 49, 43248.000000, INVALID
1756382452.008838, lauv-fridtjof, 49, 43249.000000, INVALID
1756382453.011472, lauv-fridtjof, 49, 43250.000000, INVALID
1756382454.004601, lauv-fridtjof, 49, 43251.000000, INVALID
1756382455.010453, lauv-fridtjof, 49, 43252.000000, INVALID
1756382456.017216, lauv-fridtjof, 49, 43253.000000, INVALID
1756382457.002987, lauv-fridtjof, 49, 43254.000000, INVALID
1756382458.009320, lauv-fridtjof, 49, 43255.000000, INVALID
1756382459.002424, lauv-fridtjof, 49, 43256.000000, INVALID
1756382460.008621, lauv-fridtjof, 49, 43257.000000, INVALID
1756382461.006748, lauv-fridtjof, 49, 43258.000000, INVALID
1756382462.005894, lauv-fridtjof, 49, 43259.000000, INVALID
1756382463.006229, lauv-fridtjof, 49, 43260.000000, INVALID
1756382464.007289, lauv-fridtjof, 49, 43261.000000, INVALID
1756382465.003294, lauv-fridtjof, 49, 43262.000000, INVALID
1756382466.002313, lauv-fridtjof, 49, 43263.000000, INVALID
1756382467.005509, lauv-fridtjof, 49, 43264.000000, INVALID
1756382468.005657, lauv-fridtjof, 49, 43265.000000, INVALID
1756382469.002369, lauv-fridtjof, 49, 43266.000000, INVALID
1756382470.003975, lauv-fridtjof, 49, 43267.000000, INVALID
1756382471.009536, lauv-fridtjof, 49, 43268.000000, INVALID
1756382472.007581, lauv-fridtjof, 49, 43269.000000, INVALID
1756382473.008538, lauv-fridtjof, 49, 43270.000000, INVALID
1756382474.007611, lauv-fridtjof, 49, 43271.000000, INVALID
1756382475.002678, lauv-fridtjof, 49, 43272.000000, INVALID
1756382476.001864, lauv-fridtjof, 49, 43273.000000, INVALID
1756382477.004054, lauv-fridtjof, 49, 43274.000000, INVALID
1756382478.007801, lauv-fridtjof, 49, 43275.000000, INVALID
1756382479.001344, lauv-fridtjof, 49, 43276.000000, INVALID
1756382480.007588, lauv-fridtjof, 49, 43277.000000, INVALID
1756382481.001639, lauv-fridtjof, 49, 43278.000000, INVALID
1756382482.005740, lauv-fridtjof, 49, 43279.000000, INVALID
1756382483.008979, lauv-fridtjof, 49, 43280.000000, INVALID
1756382484.002065, lauv-fridtjof, 49, 43281.000000, INVALID
1756382485.001340, lauv-fridtjof, 49, 43282.000000, INVALID
1756382486.008516, lauv-fridtjof, 49, 43283.000000, INVALID
1756382487.008497, lauv-fridtjof, 49, 43284.000000, INVALID
1756382488.013297, lauv-fridtjof, 49, 43285.000000, INVALID
1756382489.002841, lauv-fridtjof, 49, 43286.000000, INVALID
1756382490.002975, lauv-fridtjof, 49, 43287.000000, INVALID
1756382491.004218, lauv-fridtjof, 49, 43288.000000, INVALID
1756382492.009151, lauv-fridtjof, 49, 43289.000000, INVALID
1756382493.010387, lauv-fridtjof, 49, 43290.000000, INVALID
1756382494.009625, lauv-fridtjof, 49, 43291.000000, INVALID
1756382495.010692, lauv-fridtjof, 49, 43292.000000, INVALID
1756382496.008525, lauv-fridtjof, 49, 43293.000000, INVALID
1756382497.004095, lauv-fridtjof, 49, 43294.000000, INVALID
1756382498.002053, lauv-fridtjof, 49, 43295.000000, INVALID
1756382499.003287, lauv-fridtjof, 49, 43296.000000, INVALID
1756382500.011466, lauv-fridtjof, 49, 43297.000000, INVALID
1756382501.009509, lauv-fridtjof, 49, 43298.000000, INVALID
1756382502.012563, lauv-fridtjof, 49, 43299.000000, INVALID
1756382503.003833, lauv-fridtjof, 49, 43300.000000, INVALID
1756382504.011085, lauv-fridtjof, 49, 43301.000000, INVALID
1756382505.004313, lauv-fridtjof, 49, 43302.000000, INVALID
1756382506.009398, lauv-fridtjof, 49, 43303.000000, INVALID
1756382507.002324, lauv-fridtjof, 49, 43304.000000, INVALID
1756382508.008944, lauv-fridtjof, 49, 43305.000000, INVALID
1756382509.008875, lauv-fridtjof, 49, 43306.000000, INVALID
1756382510.009084, lauv-fridtjof, 49, 43307.000000, INVALID
1756382511.011522, lauv-fridtjof, 49, 43308.000000, INVALID
1756382512.011816, lauv-fridtjof, 49, 43309.000000, INVALID
1756382513.012544, lauv-fridtjof, 49, 43310.000000, INVALID
1756382514.016438, lauv-fridtjof, 49, 43311.000000, INVALID
1756382515.003534, lauv-fridtjof, 49, 43312.000000, INVALID
1756382516.014172, lauv-fridtjof, 49, 43313.000000, INVALID
1756382517.011100, lauv-fridtjof, 49, 43314.000000, INVALID
1756382518.010332, lauv-fridtjof, 49, 43315.000000, INVALID
1756382519.010464, lauv-fridtjof, 49, 43316.000000, INVALID
1756382520.006470, lauv-fridtjof, 49, 43317.000000, INVALID
1756382521.013370, lauv-fridtjof, 49, 43318.000000, INVALID
1756382522.009963, lauv-fridtjof, 49, 43319.000000, INVALID
1756382523.017697, lauv-fridtjof, 49, 43320.000000, INVALID
1756382524.011119, lauv-fridtjof, 49, 43321.000000, INVALID
1756382525.011873, lauv-fridtjof, 49, 43322.000000, INVALID
1756382526.017286, lauv-fridtjof, 49, 43323.000000, INVALID
1756382527.008692, lauv-fridtjof, 49, 43324.000000, INVALID
1756382528.012325, lauv-fridtjof, 49, 43325.000000, INVALID
1756382529.002636, lauv-fridtjof, 49, 43326.000000, INVALID
1756382530.002855, lauv-fridtjof, 49, 43327.000000, INVALID
1756382531.007131, lauv-fridtjof, 49, 43328.000000, INVALID
1756382532.008265, lauv-fridtjof, 49, 43329.000000, INVALID
1756382533.001163, lauv-fridtjof, 49, 43330.000000, INVALID
1756382534.006496, lauv-fridtjof, 49, 43331.000000, INVALID
1756382535.008599, lauv-fridtjof, 49, 43332.000000, INVALID
1756382536.007658, lauv-fridtjof, 49, 43333.000000, INVALID
1756382537.000868, lauv-fridtjof, 49, 43334.000000, INVALID
1756382538.003952, lauv-fridtjof, 49, 43335.000000, INVALID
1756382539.007227, lauv-fridtjof, 49, 43336.000000, INVALID
1756382540.005249, lauv-fridtjof, 49, 43337.000000, INVALID
1756382541.004420, lauv-fridtjof, 49, 43338.000000, INVALID
1756382542.009577, lauv-fridtjof, 49, 43339.000000, INVALID
1756382543.001654, lauv-fridtjof, 49, 43340.000000, INVALID
1756382544.002784, lauv-fridtjof, 49, 43341.000000, INVALID
1756382545.008026, lauv-fridtjof, 49, 43342.000000, INVALID
1756382546.003109, lauv-fridtjof, 49, 43343.000000, INVALID
1756382547.009279, lauv-fridtjof, 49, 43344.000000, INVALID
1756382548.010532, lauv-fridtjof, 49, 43345.000000, INVALID
1756382549.008643, lauv-fridtjof, 49, 43346.000000, INVALID
1756382550.003688, lauv-fridtjof, 49, 43347.000000, INVALID
1756382551.008092, lauv-fridtjof, 49, 43348.000000, INVALID
1756382552.007083, lauv-fridtjof, 49, 43349.000000, INVALID
1756382553.013108, lauv-fridtjof, 49, 43350.000000, INVALID
1756382554.006437, lauv-fridtjof, 49, 43351.000000, INVALID
1756382555.007474, lauv-fridtjof, 49, 43352.000000, INVALID
1756382556.003810, lauv-fridtjof, 49, 43353.000000, INVALID
1756382557.002764, lauv-fridtjof, 49, 43354.000000, INVALID
1756382558.007008, lauv-fridtjof, 49, 43355.000000, INVALID
1756382559.001149, lauv-fridtjof, 49, 43356.000000, INVALID
1756382560.003177, lauv-fridtjof, 49, 43357.000000, INVALID
1756382561.006492, lauv-fridtjof, 49, 43358.000000, INVALID
1756382562.009541, lauv-fridtjof, 49, 43359.000000, INVALID
1756382563.002642, lauv-fridtjof, 49, 43360.000000, INVALID
1756382564.003010, lauv-fridtjof, 49, 43361.000000, INVALID
1756382565.004928, lauv-fridtjof, 49, 43362.000000, INVALID
1756382566.007373, lauv-fridtjof, 49, 43363.000000, INVALID
1756382567.001273, lauv-fridtjof, 49, 43364.000000, INVALID
1756382568.007478, lauv-fridtjof, 49, 43365.000000, INVALID
1756382569.005774, lauv-fridtjof, 49, 43366.000000, INVALID
1756382570.007790, lauv-fridtjof, 49, 43367.000000, INVALID
1756382571.010853, lauv-fridtjof, 49, 43368.000000, INVALID
1756382572.012276, lauv-fridtjof, 49, 43369.000000, INVALID
1756382573.003080, lauv-fridtjof, 49, 43370.000000, INVALID
1756382574.009832, lauv-fridtjof, 49, 43371.000000, INVALID
1756382575.008600, lauv-fridtjof, 49, 43372.000000, INVALID
1756382576.009582, lauv-fridtjof, 49, 43373.000000, INVALID
1756382577.009925, lauv-fridtjof, 49, 43374.000000, INVALID
1756382578.012863, lauv-fridtjof, 49, 43375.000000, INVALID
1756382579.000975, lauv-fridtjof, 49, 43376.000000, INVALID
1756382580.008143, lauv-fridtjof, 49, 43377.000000, INVALID
1756382581.008576, lauv-fridtjof, 49, 43378.000000, INVALID
1756382582.008535, lauv-fridtjof, 49, 43379.000000, INVALID
1756382583.009565, lauv-fridtjof, 49, 43380.000000, INVALID
1756382584.013758, lauv-fridtjof, 49, 43381.000000, INVALID
1756382585.012058, lauv-fridtjof, 49, 43382.000000, INVALID
1756382586.011053, lauv-fridtjof, 49, 43383.000000, INVALID
1756382587.019285, lauv-fridtjof, 49, 43384.000000, INVALID
1756382588.022496, lauv-fridtjof, 49, 43385.000000, INVALID
1756382589.023629, lauv-fridtjof, 49, 43386.000000, INVALID
1756382590.112638, lauv-fridtjof, 49, 43387.000000, ABOVE_THRESHOLD
1756382591.068597, lauv-fridtjof, 49, 43388.000000, ABOVE_MAX_HACC
1756382592.077889, lauv-fridtjof, 49, 43389.000000, ABOVE_MAX_HACC
1756382593.076782, lauv-fridtjof, 49, 43390.000000, ABOVE_MAX_HACC
